{"test_losses": [0.04621623086929321, 0.04319632625579834, 0.0397457115650177, 0.039768041372299195, 0.03869168162345886, 0.038064013957977295, 0.037207139253616336, 0.03631374645233154, 0.03625157403945923, 0.035599844455718996, 0.035121356964111325], "test_accs": [0.005, 0.052, 0.092, 0.097, 0.113, 0.121, 0.132, 0.156, 0.161, 0.165, 0.175], "local_test_losses": [[0.04621623086929321], [0.04319632625579834], [0.0397457115650177], [0.039768041372299195], [0.03869168162345886], [0.038064013957977295], [0.037207139253616336], [0.03631374645233154], [0.03625157403945923], [0.035599844455718996], [0.035121356964111325]], "local_test_accs": [[0.005], [0.052], [0.092], [0.097], [0.113], [0.121], [0.132], [0.156], [0.161], [0.165], [0.175]], "global_test_losses": [0.046051531314849854, 0.045985095977783205, 0.045803399085998536, 0.04566033887863159, 0.0455860800743103, 0.045494490146636965, 0.04541026449203491, 0.04531753444671631, 0.04525186681747437, 0.04517787647247314, 0.04507445621490479], "global_test_accs": [0.005, 0.052, 0.092, 0.097, 0.113, 0.121, 0.132, 0.156, 0.161, 0.165, 0.175]}