{"test_losses": [0.028100627108047584], "test_accs": [0.5757177643784788], "local_test_losses": [[0.024025856846510762, 0.0327457857131958, 0.03580091437514948, 0.029298067092895508, 0.027339119911193848, 0.019719150331285264, 0.02910017967224121, 0.03793677568435669, 0.028235623836517332, 0.03047353506088257, 0.024299008846282957, 0.033369600772857666, 0.02977268934249878, 0.025968267460062047, 0.03312438249588013, 0.03758420607056281, 0.02538079261779785, 0.011119311506097967, 0.02326231002807617, 0.03193588256835937, 0.02465502977371216, 0.03886592388153076, 0.016445303204083682, 0.026785764694213867, 0.030791125297546386, 0.01961585608395663, 0.026000046730041505, 0.03140789747238159, 0.0366710090637207, 0.01566296100616455, 0.030570954692607025, 0.03125673532485962]], "local_test_accs": [[0.8383838383838383, 0.28, 0.2857142857142857, 0.5050505050505051, 0.39, 0.9191919191919192, 0.48, 0.36, 0.91, 0.47, 0.83, 0.63, 0.47, 0.6464646464646465, 0.66, 0.16161616161616163, 0.54, 0.98989898989899, 0.88, 0.46, 0.5, 0.14, 0.9393939393939394, 0.53, 0.41, 0.9090909090909091, 0.8, 0.19, 0.39, 0.93, 0.40816326530612246, 0.57]], "global_test_losses": [0.04605244526863098], "global_test_accs": [0.01]}