{"test_losses": [0.023379373717475106], "test_acc": [0.17417417417417416], "local_test_losses": [[0.023379373717475106]], "local_test_acc": [[0.17417417417417416]]}