{"test_losses": [0.022730637788772583, 0.022188628911972045, 0.022059006690979002, 0.02226358413696289, 0.02234384298324585, 0.022245761156082153, 0.022156105041503907, 0.022056292295455932, 0.0217500102519989, 0.021550695896148685, 0.02165200352668762, 0.021517796516418455, 0.021633890867233274, 0.020819300413131715, 0.020791664123535156, 0.020469209551811217, 0.020334994196891783, 0.02027401328086853, 0.01994308829307556, 0.01990415930747986, 0.019853682518005372, 0.019633318185806277, 0.01974767506122589, 0.019489466547966003, 0.01929917573928833, 0.01965053081512451, 0.020275774002075194, 0.020235522985458373, 0.019519442915916445, 0.019991661310195922, 0.020040318965911866], "test_accs": [0.22999999999999998, 0.22999999999999998, 0.22999999999999998, 0.22999999999999998, 0.21500000000000002, 0.22500000000000003, 0.22500000000000003, 0.28500000000000003, 0.23, 0.245, 0.24, 0.265, 0.235, 0.26, 0.29000000000000004, 0.325, 0.31, 0.32, 0.33499999999999996, 0.33, 0.24, 0.21000000000000002, 0.21999999999999997, 0.205, 0.2, 0.18, 0.135, 0.15, 0.18, 0.185, 0.195], "local_test_losses": [[0.022485823631286622, 0.022975451946258545], [0.021994857788085936, 0.022382400035858153], [0.02195820093154907, 0.022159812450408937], [0.022274744510650635, 0.022252423763275145], [0.02233879566192627, 0.022348890304565428], [0.022206273078918457, 0.02228524923324585], [0.022110402584075928, 0.022201807498931886], [0.022108607292175293, 0.02200397729873657], [0.021784839630126954, 0.02171518087387085], [0.021760163307189943, 0.021341228485107423], [0.022209312915802002, 0.02109469413757324], [0.022098350524902343, 0.02093724250793457], [0.02243135929107666, 0.02083642244338989], [0.02122047185897827, 0.020418128967285155], [0.021353507041931154, 0.02022982120513916], [0.02106611967086792, 0.019872299432754516], [0.020966999530792237, 0.019702988862991332], [0.020765438079833984, 0.019782588481903077], [0.02024303674697876, 0.019643139839172364], [0.020206544399261474, 0.019601774215698243], [0.019893429279327392, 0.01981393575668335], [0.01967706561088562, 0.01958957076072693], [0.019818309545516968, 0.019677040576934816], [0.019275312423706056, 0.019703620672225954], [0.018949276208877562, 0.0196490752696991], [0.019363656044006347, 0.019937405586242674], [0.020103535652160644, 0.020448012351989744], [0.020043642520904542, 0.02042740345001221], [0.018977047204971315, 0.02006183862686157], [0.019538874626159667, 0.020444447994232177], [0.01921967267990112, 0.020860965251922606]], "local_test_accs": [[0.29, 0.17], [0.29, 0.17], [0.29, 0.17], [0.29, 0.17], [0.26, 0.17], [0.28, 0.17], [0.28, 0.17], [0.28, 0.29], [0.14, 0.32], [0.16, 0.33], [0.15, 0.33], [0.18, 0.35], [0.16, 0.31], [0.2, 0.32], [0.27, 0.31], [0.32, 0.33], [0.3, 0.32], [0.33, 0.31], [0.3, 0.37], [0.32, 0.34], [0.32, 0.16], [0.26, 0.16], [0.29, 0.15], [0.29, 0.12], [0.27, 0.13], [0.23, 0.13], [0.17, 0.1], [0.21, 0.09], [0.23, 0.13], [0.22, 0.15], [0.23, 0.16]], "global_test_losses": [0.022975553035736083, 0.021618030071258544, 0.021373156309127807, 0.020982446908950805, 0.020986348628997804, 0.020462098717689513, 0.020148622632026672, 0.019881051540374756, 0.019616150379180908, 0.01993123495578766, 0.019387309312820435, 0.018670197129249572, 0.0189168062210083, 0.018710423946380617, 0.018535993099212646, 0.01792982625961304, 0.01778870713710785, 0.017907836198806763, 0.018115929245948792, 0.01723283851146698, 0.018872497677803038, 0.017714956521987915, 0.017069186210632324, 0.01678222966194153, 0.016477458715438844, 0.01721621572971344, 0.01741322946548462, 0.01635946214199066, 0.0162600781917572, 0.01632285499572754, 0.017207014083862306], "global_test_accs": [0.112, 0.194, 0.186, 0.217, 0.235, 0.219, 0.22, 0.218, 0.216, 0.22, 0.253, 0.282, 0.289, 0.266, 0.274, 0.319, 0.313, 0.308, 0.325, 0.351, 0.313, 0.337, 0.364, 0.382, 0.378, 0.358, 0.352, 0.397, 0.399, 0.369, 0.36]}