{"test_losses": [0.023003992256340203, 0.022953706222014862, 0.02287195776556586, 0.022708246777126857, 0.022404669999360322, 0.021957124556387746, 0.021353897031721053, 0.02070839591212459, 0.02032710720707585, 0.020130618914469583, 0.019861777146179992, 0.019537024311833195, 0.019343418640656036, 0.019133713510301378, 0.018877656371505173, 0.018822562825811042, 0.018699135866251076, 0.018349300156365166, 0.01826010559414242, 0.017999454780861183, 0.017868478257615526, 0.01768894298179252, 0.017841700080398086, 0.017469482259588078, 0.017587201373355166, 0.017318198869416903, 0.017318213904822792, 0.017094350553251005, 0.017132565065905138, 0.017174127104284766, 0.01676171522837382, 0.016832749287526053, 0.01660684183672503, 0.016569447350334953, 0.016898824407293036, 0.016493464256072784, 0.016342975475169993, 0.016293182745352165, 0.016538287187601114, 0.016281911441394396, 0.016119616644995827, 0.016151809238934063, 0.016037353046902188, 0.015789482328626845, 0.015932391833018016, 0.01583124722565736, 0.015945677463714784, 0.01581155096327101, 0.01583489796540162, 0.01547557813627226, 0.01552124686904617, 0.015550215681035956, 0.015393894833248776, 0.015493380056845175, 0.015352262032998575, 0.015532690185207027, 0.015566434588160243, 0.015377574019484572, 0.015240378207988568, 0.0152281867610561, 0.015275267509368804], "test_acc": [0.11711711711711711, 0.11711711711711711, 0.11411411411411411, 0.13213213213213212, 0.17117117117117117, 0.21021021021021022, 0.24424424424424424, 0.2732732732732733, 0.2822822822822823, 0.27627627627627627, 0.2862862862862863, 0.30430430430430433, 0.3103103103103103, 0.3233233233233233, 0.3233233233233233, 0.3203203203203203, 0.34134134134134136, 0.34534534534534533, 0.3433433433433433, 0.34934934934934936, 0.35035035035035034, 0.35835835835835833, 0.35435435435435436, 0.36236236236236236, 0.36536536536536535, 0.37037037037037035, 0.3663663663663664, 0.3883883883883884, 0.3833833833833834, 0.37037037037037035, 0.3913913913913914, 0.3833833833833834, 0.3993993993993994, 0.4074074074074074, 0.38738738738738737, 0.4004004004004004, 0.41041041041041043, 0.4144144144144144, 0.4144144144144144, 0.42042042042042044, 0.4134134134134134, 0.4244244244244244, 0.42742742742742745, 0.4394394394394394, 0.43043043043043044, 0.4314314314314314, 0.43543543543543545, 0.42242242242242245, 0.42042042042042044, 0.44644644644644643, 0.44344344344344344, 0.4364364364364364, 0.4444444444444444, 0.44044044044044045, 0.45345345345345345, 0.44344344344344344, 0.42242242242242245, 0.4494494494494494, 0.4364364364364364, 0.45145145145145144, 0.4574574574574575], "local_test_losses": [[0.023003992256340203], [0.022953706222014862], [0.02287195776556586], [0.022708246777126857], [0.022404669999360322], [0.021957124556387746], [0.021353897031721053], [0.02070839591212459], [0.02032710720707585], [0.020130618914469583], [0.019861777146179992], [0.019537024311833195], [0.019343418640656036], [0.019133713510301378], [0.018877656371505173], [0.018822562825811042], [0.018699135866251076], [0.018349300156365166], [0.01826010559414242], [0.017999454780861183], [0.017868478257615526], [0.01768894298179252], [0.017841700080398086], [0.017469482259588078], [0.017587201373355166], [0.017318198869416903], [0.017318213904822792], [0.017094350553251005], [0.017132565065905138], [0.017174127104284766], [0.01676171522837382], [0.016832749287526053], [0.01660684183672503], [0.016569447350334953], [0.016898824407293036], [0.016493464256072784], [0.016342975475169993], [0.016293182745352165], [0.016538287187601114], [0.016281911441394396], [0.016119616644995827], [0.016151809238934063], [0.016037353046902188], [0.015789482328626845], [0.015932391833018016], [0.01583124722565736], [0.015945677463714784], [0.01581155096327101], [0.01583489796540162], [0.01547557813627226], [0.01552124686904617], [0.015550215681035956], [0.015393894833248776], [0.015493380056845175], [0.015352262032998575], [0.015532690185207027], [0.015566434588160243], [0.015377574019484572], [0.015240378207988568], [0.0152281867610561], [0.015275267509368804]], "local_test_acc": [[0.11711711711711711], [0.11711711711711711], [0.11411411411411411], [0.13213213213213212], [0.17117117117117117], [0.21021021021021022], [0.24424424424424424], [0.2732732732732733], [0.2822822822822823], [0.27627627627627627], [0.2862862862862863], [0.30430430430430433], [0.3103103103103103], [0.3233233233233233], [0.3233233233233233], [0.3203203203203203], [0.34134134134134136], [0.34534534534534533], [0.3433433433433433], [0.34934934934934936], [0.35035035035035034], [0.35835835835835833], [0.35435435435435436], [0.36236236236236236], [0.36536536536536535], [0.37037037037037035], [0.3663663663663664], [0.3883883883883884], [0.3833833833833834], [0.37037037037037035], [0.3913913913913914], [0.3833833833833834], [0.3993993993993994], [0.4074074074074074], [0.38738738738738737], [0.4004004004004004], [0.41041041041041043], [0.4144144144144144], [0.4144144144144144], [0.42042042042042044], [0.4134134134134134], [0.4244244244244244], [0.42742742742742745], [0.4394394394394394], [0.43043043043043044], [0.4314314314314314], [0.43543543543543545], [0.42242242242242245], [0.42042042042042044], [0.44644644644644643], [0.44344344344344344], [0.4364364364364364], [0.4444444444444444], [0.44044044044044045], [0.45345345345345345], [0.44344344344344344], [0.42242242242242245], [0.4494494494494494], [0.4364364364364364], [0.45145145145145144], [0.4574574574574575]]}