{"test_losses": [0.020622452393217965, 0.016853147901524056, 0.01384788464123237, 0.012400847503052459, 0.01156376935343596, 0.01104482066383497, 0.010892140073120882, 0.011047467410761383, 0.011487618067119528, 0.011990483058743936, 0.012247011336143424], "test_acc": [0.5624723983126413, 0.5244566145554371, 0.5368506828471757, 0.5448008024933751, 0.5749258024933752, 0.5708625830239058, 0.554725151128082, 0.5702380835244062, 0.5682071150559377, 0.5553945524933751, 0.5576133024933752], "local_test_losses": [[0.021878607273101806, 0.02057986521720886, 0.01899602916744259, 0.021816337108612062, 0.018864042639732362, 0.02182032012939453, 0.02207395625114441, 0.017226647853851317, 0.022321275234222414, 0.02106007163175839, 0.020751037635841407, 0.020289835453033447, 0.02208750343322754, 0.020763419434159457, 0.020016231060028075, 0.018115600427469094, 0.021315602540969848, 0.020490835905075073, 0.020309415817260743, 0.018557147936778026, 0.02161488914489746, 0.02221629977226257, 0.020736345648765565, 0.016599217176437378, 0.020271274566650392, 0.02177362589984088, 0.021667958976508857, 0.022026297805068252, 0.02151866126060486, 0.020254016041755675, 0.02037583863735199, 0.021530269502519486], [0.01974685347080231, 0.017651859641075133, 0.012023138928341793, 0.01929815423488617, 0.013704285025596619, 0.01964316213130951, 0.0203776798248291, 0.006026512265205383, 0.021131697177886963, 0.017483393510501228, 0.015052439691545488, 0.01563585877418518, 0.020304064154624938, 0.018856549430227947, 0.015451451063156128, 0.010758891358628526, 0.018606018900871275, 0.018471060752868654, 0.016795984864234923, 0.011398892264227729, 0.01869873857498169, 0.020639838695526123, 0.01904869246482849, 0.005477336168289185, 0.017092320084571837, 0.019773573727459758, 0.01898703942666421, 0.020572257590842795, 0.019168394446372986, 0.015240744829177857, 0.017253254652023316, 0.018930594723026554], [0.017805499911308288, 0.014325311303138733, 0.007610684937542981, 0.017023502588272094, 0.011903023958206176, 0.01769261074066162, 0.018364684581756593, 0.0009763310104608535, 0.02014226293563843, 0.013512286131749889, 0.010362048884173174, 0.012218271613121032, 0.01877465319633484, 0.015505869546251928, 0.013353967905044556, 0.006602504560062, 0.016116387009620668, 0.015697734594345092, 0.01257476806640625, 0.007189666067396437, 0.015303962349891663, 0.0187990905046463, 0.014890416026115417, 0.0013486280366778374, 0.014532695055007934, 0.01806565495702001, 0.01622185692772851, 0.018624940792003553, 0.016603137135505677, 0.01129851222038269, 0.013219008803367615, 0.016472336169597025], [0.015917349696159364, 0.01270026409626007, 0.006531677267572901, 0.015518522381782533, 0.008771239638328552, 0.016787152528762818, 0.016616037249565126, 0.0004091262365691364, 0.019029242753982545, 0.013127031211623686, 0.008254398633767892, 0.00978097516298294, 0.018134403705596925, 0.012749108618390344, 0.009836143314838409, 0.0051020429030553, 0.015005120277404785, 0.01604916203022003, 0.010295360386371612, 0.006456359609349951, 0.013157382547855378, 0.017014366269111632, 0.014125825643539428, 0.001240881824400276, 0.011945858478546142, 0.016945991430196677, 0.015118998808187765, 0.01848067118002249, 0.01615276837348938, 0.008888436913490295, 0.012352182149887085, 0.014333038776367157], [0.014745960235595703, 0.010615112602710725, 0.004397628275123802, 0.014869160830974578, 0.0064748373031616215, 0.01627735936641693, 0.01594175374507904, 0.0005020543634600471, 0.018173883080482484, 0.015184543534127888, 0.007471062817253747, 0.008956863522529602, 0.01629023337364197, 0.011116605722354744, 0.008250829070806502, 0.0046950049765475165, 0.013796235501766205, 0.01459096848964691, 0.00902464085817337, 0.004472531296230771, 0.012573754668235779, 0.0157811940908432, 0.014407907843589782, 0.0016293440056033433, 0.012790811419487, 0.016301411766189714, 0.01530839480437316, 0.01659787476838411, 0.014410829305648803, 0.010560814425349235, 0.01047583383321762, 0.013355179412944897], [0.014460869550704957, 0.009931200325489045, 0.003666242172529509, 0.014721368968486786, 0.006455224961042404, 0.01580525553226471, 0.015427576065063477, 0.0006442091798780894, 0.0179494423866272, 0.011792797722176226, 0.00751697193752896, 0.008478064656257629, 0.015758918046951294, 0.009822031718217777, 0.008508662164211273, 0.0066913409872694654, 0.013259142875671386, 0.013126102924346924, 0.008352583944797516, 0.00410960182115003, 0.01215175485610962, 0.015167864203453065, 0.012863463699817657, 0.0020522997760763248, 0.0120729740858078, 0.01495247345428925, 0.015055956007601382, 0.014767069955010552, 0.013478192329406738, 0.012099806353449821, 0.009376357853412629, 0.012918440727619556], [0.014652647614479064, 0.010157833456993103, 0.0036750458650760824, 0.014484723806381225, 0.006496931880712509, 0.01550347101688385, 0.014774871349334718, 0.0007871247243881499, 0.017616530537605285, 0.010845404708074902, 0.008306251810835646, 0.008460440158843995, 0.016251036286354065, 0.009229983141522609, 0.00783883836865425, 0.004548207745776401, 0.01264864057302475, 0.014380278825759887, 0.007501757174730301, 0.004102528423399062, 0.011741649091243743, 0.014360823035240174, 0.013234321177005768, 0.0025181775093078614, 0.009919693022966384, 0.01415140462947918, 0.01553752824470207, 0.014886606204975117, 0.01499463564157486, 0.012054110959172248, 0.009261190950870513, 0.013625794404500478], [0.015033205568790436, 0.00962724494934082, 0.0036630302786946414, 0.014613821983337402, 0.0062167922258377075, 0.01589959841966629, 0.014914795875549317, 0.000930716872215271, 0.01705978751182556, 0.013663174573309674, 0.00853372771699388, 0.008406038463115693, 0.016236106395721435, 0.009058868837261008, 0.007520770147442818, 0.003956344482061025, 0.012838830471038818, 0.011851685643196106, 0.007505272030830384, 0.004246599487475566, 0.014131537765264511, 0.014278318822383881, 0.0135205380320549, 0.0029358041286468507, 0.00950171086192131, 0.013960885631668198, 0.019188592324147116, 0.015457899840147764, 0.013272661447525024, 0.012401846073567866, 0.008367033123970032, 0.014725717159362885], [0.015105059325695037, 0.009862600892782212, 0.0037270212197327637, 0.01583343145251274, 0.006162729412317276, 0.017453585892915725, 0.015528133869171143, 0.0010473464727401734, 0.01779408472776413, 0.01810916902904281, 0.0080144190275156, 0.008398969441652297, 0.017069361567497252, 0.009071435234350767, 0.007661013454198837, 0.004097937303292262, 0.012876811563968658, 0.011398649036884308, 0.007586449354887009, 0.004791873983583889, 0.015953384265303613, 0.015166532546281815, 0.011644973278045654, 0.003321340560913086, 0.00934133803844452, 0.0141406054491992, 0.01841052588041838, 0.015370207326906221, 0.012943492889404298, 0.01606729634106159, 0.008431886374950409, 0.0152221129343913], [0.014505608260631561, 0.010326139628887177, 0.003788436683746907, 0.01598461785912514, 0.005887385696172714, 0.019178390502929688, 0.016559297263622284, 0.0011678793430328369, 0.019241603016853334, 0.020997847204576276, 0.007460515092204402, 0.008407867074012757, 0.018258560180664064, 0.009331259062748874, 0.008718949973583221, 0.0038998609444161913, 0.012979288935661316, 0.013225868105888368, 0.0076045491099357605, 0.005198658271520226, 0.016546181082725524, 0.015479028075933456, 0.011953364089131356, 0.003666903018951416, 0.009368005126714707, 0.014709771455109896, 0.015923138614650723, 0.015713474264851323, 0.015178042650222778, 0.018679371064528823, 0.008313918933272362, 0.015441677293500624], [0.013340824604034424, 0.009773716062307357, 0.0036607250735327767, 0.01879159586131573, 0.005682230442762375, 0.017709741473197937, 0.015591158628463745, 0.0012664902210235596, 0.019818437337875368, 0.022236660197526514, 0.007812358416594543, 0.008465623676776887, 0.018047182083129883, 0.009189813433285945, 0.010976374447345734, 0.00552875770104898, 0.013787778675556183, 0.01191421389579773, 0.007426788479089737, 0.00597971865536274, 0.01657488329708576, 0.016046629667282104, 