{"test_losses": [0.230345494556427], "test_accs": [0.0986], "local_test_losses": [[0.2299213948249817, 0.23042774605751037, 0.23054285788536072, 0.23041079258918762, 0.2304246814250946]], "local_test_accs": [[0.101, 0.102, 0.081, 0.095, 0.114]], "global_test_losses": [0.22994838070869444], "global_test_accs": [0.145]}