{"test_losses": [0.019979663574695588, 0.01790613149404526, 0.016068593728542326, 0.014884408116340637, 0.014220231521129608, 0.013530059015750886, 0.013096203446388245, 0.01272054533958435, 0.012122312784194946, 0.011876469415426255, 0.011593096512556076, 0.0114635502576828, 0.011159105235338211, 0.010964457809925079, 0.010885726100206375, 0.010511077493429184, 0.010547740405797958, 0.0103231709420681, 0.010264352065324783, 0.010088415211439133, 0.009916509795188903, 0.009912842947244644, 0.009778228187561034, 0.009646169030666351, 0.00958592112660408, 0.009342632764577866, 0.00942710474729538, 0.009246606904268265, 0.009427761918306351, 0.00925691767334938, 0.009099695587158204], "test_acc": [0.2695, 0.349, 0.4187, 0.466, 0.4932, 0.5186, 0.5308, 0.5527, 0.5711, 0.5827, 0.59, 0.5992, 0.607, 0.613, 0.6145, 0.6281, 0.6293, 0.6375, 0.6448, 0.6463, 0.6511, 0.6524, 0.6573, 0.667, 0.6676, 0.6783, 0.6719, 0.6817, 0.6776, 0.6812, 0.6825], "local_test_losses": [[0.019979663574695588, 0.019979663574695588, 0.019979663574695588, 0.019979663574695588], [0.01790613149404526, 0.01790613149404526, 0.01790613149404526, 0.01790613149404526], [0.016068593728542326, 0.016068593728542326, 0.016068593728542326, 0.016068593728542326], [0.014884408116340637, 0.014884408116340637, 0.014884408116340637, 0.014884408116340637], [0.014220231521129608, 0.014220231521129608, 0.014220231521129608, 0.014220231521129608], [0.013530059015750886, 0.013530059015750886, 0.013530059015750886, 0.013530059015750886], [0.013096203446388245, 0.013096203446388245, 0.013096203446388245, 0.013096203446388245], [0.01272054533958435, 0.01272054533958435, 0.01272054533958435, 0.01272054533958435], [0.012122312784194946, 0.012122312784194946, 0.012122312784194946, 0.012122312784194946], [0.011876469415426255, 0.011876469415426255, 0.011876469415426255, 0.011876469415426255], [0.011593096512556076, 0.011593096512556076, 0.011593096512556076, 0.011593096512556076], [0.0114635502576828, 0.0114635502576828, 0.0114635502576828, 0.0114635502576828], [0.011159105235338211, 0.011159105235338211, 0.011159105235338211, 0.011159105235338211], [0.010964457809925079, 0.010964457809925079, 0.010964457809925079, 0.010964457809925079], [0.010885726100206375, 0.010885726100206375, 0.010885726100206375, 0.010885726100206375], [0.010511077493429184, 0.010511077493429184, 0.010511077493429184, 0.010511077493429184], [0.010547740405797958, 0.010547740405797958, 0.010547740405797958, 0.010547740405797958], [0.0103231709420681, 0.0103231709420681, 0.0103231709420681, 0.0103231709420681], [0.010264352065324783, 0.010264352065324783, 0.010264352065324783, 0.010264352065324783], [0.010088415211439133, 0.010088415211439133, 0.010088415211439133, 0.010088415211439133], [0.009916509795188903, 0.009916509795188903, 0.009916509795188903, 0.009916509795188903], [0.009912842947244644, 0.009912842947244644, 0.009912842947244644, 0.009912842947244644], [0.009778228187561034, 0.009778228187561034, 0.009778228187561034, 0.009778228187561034], [0.009646169030666351, 0.009646169030666351, 0.009646169030666351, 0.009646169030666351], [0.00958592112660408, 0.00958592112660408, 0.00958592112660408, 0.00958592112660408], [0.009342632764577866, 0.009342632764577866, 0.009342632764577866, 0.009342632764577866], [0.00942710474729538, 0.00942710474729538, 0.00942710474729538, 0.00942710474729538], [0.009246606904268265, 0.009246606904268265, 0.009246606904268265, 0.009246606904268265], [0.009427761918306351, 0.009427761918306351, 0.009427761918306351, 0.009427761918306351], [0.00925691767334938, 0.00925691767334938, 0.00925691767334938, 0.00925691767334938], [0.009099695587158204, 0.009099695587158204, 0.009099695587158204, 0.009099695587158204]], "local_test_acc": [[0.2695, 0.2695, 0.2695, 0.2695], [0.349, 0.349, 0.349, 0.349], [0.4187, 0.4187, 0.4187, 0.4187], [0.466, 0.466, 0.466, 0.466], [0.4932, 0.4932, 0.4932, 0.4932], [0.5186, 0.5186, 0.5186, 0.5186], [0.5308, 0.5308, 0.5308, 0.5308], [0.5527, 0.5527, 0.5527, 0.5527], [0.5711, 0.5711, 0.5711, 0.5711], [0.5827, 0.5827, 0.5827, 0.5827], [0.59, 0.59, 0.59, 0.59], [0.5992, 0.5992, 0.5992, 0.5992], [0.607, 0.607, 0.607, 0.607], [0.613, 0.613, 0.613, 0.613], [0.6145, 0.6145, 0.6145, 0.6145], [0.6281, 0.6281, 0.6281, 0.6281], [0.6293, 0.6293, 0.6293, 0.6293], [0.6375, 0.6375, 0.6375, 0.6375], [0.6448, 0.6448, 0.6448, 0.6448], [0.6463, 0.6463, 0.6463, 0.6463], [0.6511, 0.6511, 0.6511, 0.6511], [0.6524, 0.6524, 0.6524, 0.6524], [0.6573, 0.6573, 0.6573, 0.6573], [0.667, 0.667, 0.667, 0.667], [0.6676, 0.6676, 0.6676, 0.6676], [0.6783, 0.6783, 0.6783, 0.6783], [0.6719, 0.6719, 0.6719, 0.6719], [0.6817, 0.6817, 0.6817, 0.6817], [0.6776, 0.6776, 0.6776, 0.6776], [0.6812, 0.6812, 0.6812, 0.6812], [0.6825, 0.6825, 0.6825, 0.6825]]}