{"test_losses": [0.022636759218126454, 0.022165424362587696, 0.02168087024201786, 0.02146858929999278, 0.02128580936232465, 0.02145522183231775, 0.02192070898163825, 0.022664922790038195, 0.023836501081794612, 0.024892179445376608, 0.025975888482439667], "test_acc": [0.23980251142926495, 0.18390076593376947, 0.23365186077861427, 0.21780028343724483, 0.21171307824608174, 0.2144667108240505, 0.1849840605259569, 0.1759622701985553, 0.19076715812756645, 0.19676684337142755, 0.19542447125231444], "local_test_losses": [[0.022663289070129395, 0.022712671756744386, 0.022845861196517943, 0.022683968782424926, 0.022308523178100587, 0.022629574775695802, 0.022661187648773194, 0.022428418159484865, 0.022763306910807902, 0.02268320322036743, 0.022812659740447997, 0.022456496000289917, 0.022587826013565064, 0.02277180334707877, 0.022335344421600768, 0.022641932725906373, 0.0228302698135376, 0.022566889762878416, 0.022572078943252562, 0.022625346183776856, 0.022686781229318918, 0.02231107544898987, 0.022550927745448694, 0.02274346613883972, 0.02269166326522827, 0.022575568675994872, 0.022876195192337037, 0.022740119928354258, 0.022