{"test_losses": [0.2204071655035019, 0.19718483197093012, 0.19197608991228043, 0.1907256479466334, 0.18983485319269822, 0.1896191910305759, 0.18905040871161036, 0.18908534409386338, 0.18907362051907695, 0.18906086322486954, 0.1887391172131058, 0.18880808090524662, 0.1888234924133525, 0.18883859865210906, 0.18893135813137923, 0.18891304630860578, 0.18875155884866507, 0.18883349370732302, 0.1887820211435039, 0.1890999723462567, 0.18906333356848953, 0.1889449466056374, 0.189005793518142, 0.1890376953511051, 0.18909616908876473, 0.18898264572648668, 0.1890217261921024, 0.189206664196255, 0.18928215597614567, 0.18925043297855526, 0.18946357633691427, 0.1895485334333768, 0.18966061216618474, 0.18974077507500248, 0.18982858912769812, 0.18988513773430032, 0.1899492736332246, 0.19002408824508113, 0.19007499294673716, 0.19013263280699186, 0.1901743211434116, 0.19022262599960016, 0.1902810802083094, 0.1903202902890879, 0.1903600116836413, 0.1904111069559118, 0.19044638787214016, 0.19048213606480655, 0.19052264051115203, 0.1905530943056641, 0.19059055978231287], "test_accs": [0.2036, 0.252, 0.266, 0.2696, 0.27320000000000005, 0.27480000000000004, 0.2762, 0.2776, 0.27720000000000006, 0.27720000000000006, 0.27820000000000006, 0.27820000000000006, 0.2786, 0.2786, 0.27840000000000004, 0.27799999999999997, 0.2786, 0.2788, 0.2786, 0.279, 0.279, 0.27959999999999996, 0.279, 0.2794, 0.2794, 0.279, 0.2794, 0.2794, 0.27959999999999996, 0.28, 0.2794, 0.28, 0.2802, 0.2802, 0.2802, 0.2802, 0.2804, 0.2804, 0.2802, 0.2804, 0.2802, 0.2802, 0.28, 0.28, 0.28, 0.28, 0.28, 0.28, 0.28, 0.28, 0.28], "local_test_losses": [[0.18025819981098176, 0.23036475205421447, 0.2305029020309448, 0.23040238809585573, 0.2305075855255127], [0.06414649185538292, 0.23036475467681886, 0.23050293636322022, 0.2304023778438568, 0.2305075991153717], [0.03810276964120567, 0.23036477088928223, 0.2305029218196869, 0.23040237712860107, 0.23050761008262635], [0.03185055719036609, 0.23036478757858275, 0.23050291419029237, 0.2304023756980896, 0.23050760507583617], [0.027396584374364465, 0.2303647873401642, 0.23050291395187378, 0.23040237426757812, 0.2305076060295105], [0.02631827356375288, 0.2303647873401642, 0.23050291395187378, 0.23040237426757812, 0.2305076060295105], [0.023474361968925224, 0.2303647873401642, 0.23050291395187378, 0.23040237426757812, 0.2305076060295105], [0.023649038880190345, 0.2303647873401642, 0.23050291395187378, 0.23040237426757812, 0.2305076060295105], [0.023590421006258112, 0.2303647873401642, 0.23050291395187378, 0.23040237426757812, 0.2305076060295105], [0.02352663453522109, 0.2303647873401642, 0.23050291395187378, 0.23040237426757812, 0.2305076060295105], [0.021917904476402326, 0.2303647873401642, 0.23050291395187378, 0.23040237426757812, 0.2305076060295105], [0.022262722937106447, 0.2303647873401642, 0.23050291395187378, 0.23040237426757812, 0.2305076060295105], [0.02233978047763594, 0.2303647873401642, 0.23050291395187378, 0.23040237426757812, 0.2305076060295105], [0.02241531167141875, 0.2303647873401642, 0.23050291395187378, 0.23040237426757812, 0.2305076060295105], [0.022879109067769604, 0.2303647873401642, 0.23050291395187378, 0.23040237426757812, 0.2305076060295105], [0.02278754995390227, 0.2303647873401642, 0.23050291395187378, 0.23040237426757812, 0.2305076060295105], [0.02198011265419882, 0.2303647873401642, 0.23050291395187378, 0.23040237426757812, 0.2305076060295105], [0.022389786947488576, 0.2303647873401642, 0.23050291395187378, 0.23040237426757812, 0.2305076060295105], [0.02213242412839281, 0.2303647873401642, 0.23050291395187378, 0.23040237426757812, 0.2305076060295105], [0.02372218014215696, 0.2303647873401642, 0.23050291395187378, 0.23040237426757812, 0.2305076060295105], [0.023538986253321126, 0.2303647873401642, 0.23050291395187378, 0.23040237426757812, 0.2305076060295105], [0.02294705143906049, 0.2303647873401642, 0.23050291395187378, 0.23040237426757812, 0.2305076060295105], [0.02325128600158337, 0.2303647873401642, 0.23050291395187378, 0.23040237426757812, 0.2305076060295105], [0.023410795166398886, 0.2303647873401642, 0.23050291395187378, 0.23040237426757812, 0.2305076060295105], [0.023703163854696983, 0.2303647873401642, 0.23050291395187378, 0.23040237426757812, 0.2305076060295105], [0.023135547043306816, 0.2303647873401642, 0.23050291395187378, 0.23040237426757812, 0.2305076060295105], [0.023330949371385485, 0.2303647873401642, 0.23050291395187378, 0.23040237426757812, 0.2305076060295105], [0.024255639392148396, 0.2303647873401642, 0.23050291395187378, 0.23040237426757812, 0.2305076060295105], [0.024633098291601756, 0.2303647873401642, 0.23050291395187378, 0.23040237426757812, 0.2305076060295105], [0.024474483303649718, 0.2303647873401642, 0.23050291395187378, 0.23040237426757812, 0.2305076060295105], [0.025540200095444703, 0.2303647873401642, 0.23050291395187378, 0.23040237426757812, 0.2305076060295105], [0.025964985577757352, 0.2303647873401642, 0.23050291395187378, 0.23040237426757812, 0.2305076060295105], [0.026525379241797063, 0.2303647873401642, 0.23050291395187378, 0.23040237426757812, 0.2305076060295105], [0.026926193785885715, 0.2303647873401642, 0.23050291395187378, 0.23040237426757812, 0.2305076060295105], [0.027365264049363944, 0.2303647873401642, 0.23050291395187378, 0.23040237426757812, 0.2305076060295105], [0.027648007082375, 0.2303647873401642, 0.23050291395187378, 0.23040237426757812, 0.2305076060295105], [0.027968686576996502, 0.2303647873401642, 0.23050291395187378, 0.23040237426757812, 0.2305076060295105], [0.028342759636279028, 0.2303647873401642, 0.23050291395187378, 0.23040237426757812, 0.2305076060295105], [0.02859728314455924, 0.2303647873401642, 0.23050291395187378, 0.23040237426757812, 0.2305076060295105], [0.02888548244583279, 0.2303647873401642, 0.23050291395187378, 0.23040237426757812, 0.2305076060295105], [0.029093924127931374, 0.2303647873401642, 0.23050291395187378, 0.23040237426757812, 0.2305076060295105], [0.029335448408874185, 0.2303647873401642, 0.23050291395187378, 0.23040237426757812, 0.2305076060295105], [0.02962771945242031, 0.2303647873401642, 0.23050291395187378, 0.23040237426757812, 0.2305076060295105], [0.029823769856312892, 0.2303647873401642, 0.23050291395187378, 0.23040237426757812, 0.2305076060295105], [0.030022376829080016, 0.2303647873401642, 0.23050291395187378, 0.23040237426757812, 0.2305076060295105], [0.030277853190432354, 0.2303647873401642, 0.23050291395187378, 0.23040237426757812, 0.2305076060295105], [0.030454257771574275, 0.2303647873401642, 0.23050291395187378, 0.23040237426757812, 0.2305076060295105], [0.030632998734906224, 0.2303647873401642, 0.23050291395187378, 0.23040237426757812, 0.2305076060295105], [0.030835520966633695, 0.2303647873401642, 0.23050291395187378, 0.23040237426757812, 0.2305076060295105], [0.030987789939194002, 0.2303647873401642, 0.23050291395187378, 0.23040237426757812, 0.2305076060295105], [0.03117511732243783, 0.2303647873401642, 0.23050291395187378, 0.23040237426757812, 0.2305076060295105]],