{"test_losses": [0.02304464840888977, 0.02303337836265564, 0.023017812371253967, 0.022991608023643494, 0.022939505457878113, 0.022811415791511535, 0.02239290452003479, 0.021747529923915862, 0.02153736674785614, 0.021328881800174712, 0.021125239193439484, 0.020968429565429686, 0.020818925499916076, 0.020674769520759584, 0.020482700407505036, 0.020363131880760194, 0.020200545072555542, 0.020059276461601258, 0.02002483093738556, 0.019929359734058377, 0.019790573477745058], "test_accs": [0.092, 0.0935, 0.099, 0.1125, 0.137, 0.152, 0.1565, 0.16649999999999998, 0.18, 0.1815, 0.1965, 0.2025, 0.20550000000000002, 0.21150000000000002, 0.21599999999999997, 0.22199999999999998, 0.22249999999999998, 0.23149999999999998, 0.22949999999999998, 0.23399999999999999, 0.2445], "local_test_losses": [[0.023036991357803346, 0.023052305459976195], [0.023014451265335082, 0.023052305459976195], [0.02298331928253174, 0.023052305459976195], [0.022930910587310793, 0.023052305459976195], [0.02282670545578003, 0.023052305459976195], [0.022570526123046875, 0.023052305459976195], [0.021733503580093384, 0.023052305459976195], [0.02044275438785553, 0.023052305459976195], [0.020022428035736083, 0.023052305459976195], [0.01960545814037323, 0.023052305459976195], [0.01919817292690277, 0.023052305459976195], [0.018884553670883177, 0.023052305459976195], [0.018585545539855957, 0.023052305459976195], [0.01829723358154297, 0.023052305459976195], [0.017913095355033874, 0.023052305459976195], [0.01767395830154419, 0.023052305459976195], [0.01734878468513489, 0.023052305459976195], [0.017066247463226318, 0.023052305459976195], [0.016997356414794922, 0.023052305459976195], [0.016806414008140563, 0.023052305459976195], [0.016528841495513917, 0.023052305459976195]], "local_test_accs": [[0.096, 0.088], [0.099, 0.088], [0.11, 0.088], [0.137, 0.088], [0.186, 0.088], [0.216, 0.088], [0.225, 0.088], [0.245, 0.088], [0.272, 0.088], [0.275, 0.088], [0.305, 0.088], [0.317, 0.088], [0.323, 0.088], [0.335, 0.088], [0.344, 0.088], [0.356, 0.088], [0.357, 0.088], [0.375, 0.088], [0.371, 0.088], [0.38, 0.088], [0.401, 0.088]], "global_test_losses": [0.023041960716247558, 0.023030409336090088, 0.023013896465301515, 0.022985901594161987, 0.022930341958999633, 0.02279161214828491, 0.022295911312103272, 0.021100302934646608, 0.020692305564880373, 0.020386365175247192, 0.02009843623638153, 0.019853025794029235, 0.01965841555595398, 0.01934447753429413, 0.019147929191589357, 0.018902356743812562, 0.018622785806655884, 0.0184163179397583, 0.018380376935005188, 0.018123223900794985, 0.01790927004814148], "global_test_accs": [0.097, 0.103, 0.122, 0.152, 0.176, 0.224, 0.249, 0.237, 0.268, 0.278, 0.3, 0.321, 0.337, 0.331, 0.345, 0.348, 0.361, 0.385, 0.368, 0.392, 0.406]}