{"test_losses": [0.21194337630271912, 0.1423348006233573, 0.13401724765636028, 0.12983021190349245, 0.12869470367637403, 0.12753584848606261, 0.126671184781786, 0.12576036396420387, 0.1254975718301248, 0.12510903881118793, 0.1253682315809965, 0.12498651399235496, 0.1249090368888028, 0.1248111261703416, 0.1247925985509637, 0.12460963451654425, 0.12504534004041035, 0.12455821934688742, 0.12488829639337086, 0.12485558926637748, 0.12543861004507714, 0.12569449243421837, 0.12576050941568143, 0.12616251386483807, 0.1264813517555925, 0.12607379355666698, 0.12639747286638237, 0.12647294565277092, 0.12667251612529531, 0.12695630786097506, 0.1272608683615751, 0.12741749682365686, 0.12758795894627287, 0.12766499225566258, 0.1276767751675981, 0.12788459835349614, 0.1280300919823653, 0.12819573656829264, 0.12832038464169154, 0.1284102662866992, 0.12853410207832097, 0.1286516247475226, 0.12876883355304639, 0.1288740247104354, 0.12896227210086594, 0.12906532261462544, 0.12914448447492666, 0.1292164533683154, 0.12931362280605102, 0.12939959158340594, 0.12946190552614006, 0.12951661502139833, 0.12958243994600016, 0.129647516731625, 0.12972732781502028, 0.12978764916605434, 0.12986117123090446, 0.12992501121850655, 0.13000668238292062, 0.13007207417731445, 0.13010962670779463, 0.13017254538986756, 0.1302105049025356, 0.13026918641668642, 0.13030539802601385, 0.13035571035072924, 0.13040504970792088, 0.1304519070718001, 0.13050711011337, 0.13056023682649107, 0.13059597295805558, 0.13064551503494562, 0.1306836557790849, 0.13073269926391046, 0.13076855747178717, 0.1308177460096248, 0.1308633532584153, 0.130904269284025, 0.13093667067826645, 0.1309763205427152, 0.13101806562878432], "test_accs": [0.3835, 0.469, 0.4925, 0.515, 0.5215000000000001, 0.525, 0.525, 0.5295, 0.5315, 0.5305, 0.5305, 0.533, 0.532, 0.531, 0.5325, 0.5335, 0.532, 0.5345, 0.5345, 0.5345, 0.5335, 0.5355, 0.5345, 0.534, 0.5335, 0.5335, 0.5335, 0.5345, 0.533, 0.534, 0.534, 0.534, 0.5335, 0.534, 0.5335, 0.533, 0.5335, 0.533, 0.533, 0.533, 0.533, 0.533, 0.533, 0.533, 0.533, 0.533, 0.533, 0.5335, 0.533, 0.5335, 0.5335, 0.5335, 0.5335, 0.5335, 0.5335, 0.5335, 0.5335, 0.5335, 0.5335, 0.5335, 0.5335, 0.5335, 0.5335, 0.533, 0.533, 0.533, 0.533, 0.533, 0.5335, 0.5335, 0.534, 0.534, 0.534, 0.534, 0.534, 0.534, 0.534, 0.534, 0.534, 0.534, 0.534], "local_test_losses": [[0.193418762922287, 0.23046798968315124], [0.05420161966979504, 0.23046798157691956], [0.037566518981009725, 0.23046797633171082], [0.02919244270690251, 0.2304679811000824], [0.026921426491084276, 0.2304679808616638], [0.02460371611046139, 0.2304679808616638], [0.022874388701908173, 0.2304679808616638], [0.021052747066743906, 0.2304679808616638], [0.02052716279858578, 0.2304679808616638], [0.01975009676071204, 0.2304679808616638], [0.020268482300329196, 0.2304679808616638], [0.0195050471230461, 0.2304679808616638], [0.019350092915941787, 0.2304679808616638], [0.01915427147901937, 0.2304679808616638], [0.019117216240263586, 0.2304679808616638], [0.018751288171424674, 0.2304679808616638], [0.019622699219156856, 0.2304679808616638], [0.018648457832111033, 0.2304679808616638], [0.019308611925077913, 0.2304679808616638], [0.019243197671091138, 0.2304679808616638], [0.020409239228490493, 0.2304679808616638], [0.020921004006772933, 0.2304679808616638], [0.02105303796969906, 0.2304679808616638], [0.021857046868012334, 0.2304679808616638], [0.022494722649521178, 0.2304679808616638], [0.021679606251670123, 0.2304679808616638], [0.022326964871100925, 0.2304679808616638], [0.022477910443878046, 0.2304679808616638], [0.022877051388926817, 0.2304679808616638], [0.023444634860286286, 0.2304679808616638], [0.02405375586148638, 0.2304679808616638], [0.02436701278564989, 0.2304679808616638], [0.024707937030881935, 0.2304679808616638], [0.02486200364966132, 0.2304679808616638], [0.0248855694735324, 0.2304679808616638], [0.02530121584532844, 0.2304679808616638], [0.025592203103066823, 0.2304679808616638], [0.025923492274921443, 0.2304679808616638], [0.026172788421719276, 0.2304679808616638], [0.026352551711734548, 0.2304679808616638], [0.026600223294978135, 0.2304679808616638], [0.026835268633381346, 0.2304679808616638], [0.027069686244428952, 0.2304679808616638], [0.027280068559206994, 0.2304679808616638], [0.02745656334006807, 0.2304679808616638], [0.0276626643675871, 0.2304679808616638], [0.02782098808818951, 0.2304679808616638], [0.02796492587496698, 0.2304679808616638], [0.028159264750438225, 0.2304679808616638], [0.028331202305148066, 0.2304679808616638], [0.028455830190616312, 0.2304679808616638], [0.02856524918113287, 0.2304679808616638], [0.028696899030336523, 0.2304679808616638], [0.028827052601586176, 0.2304679808616638], [0.028986674768376717, 0.2304679808616638], [0.0291073174704449, 0.2304679808616638], [0.02925436160014509, 0.2304679808616638], [0.029382041575349276, 0.2304679808616638], [0.02954538390417741, 0.2304679808616638], [0.029676167492965064, 0.2304679808616638], [0.029751272553925432, 0.2304679808616638], [0.02987710991807127, 0.2304679808616638], [0.029953028943407404, 0.2304679808616638], [0.030070391971709028, 0.2304679808616638], [0.030142815190363905, 0.2304679808616638], [0.03024343983979466, 0.2304679808616638], [0.030342118554177972, 0.2304679808616638], [0.03043583328193637, 0.2304679808616638], [0.03054623936507619, 0.2304679808616638], [0.03065249279131831, 0.2304679808616638], [0.030723965054447376, 0.2304679808616638], [0.030823049208227416, 0.2304679808616638], [0.030899330696505942, 0.2304679808616638], [0.03099741766615709, 0.2304679808616638], [0.031069134081910546, 0.2304679808616638], [0.03116751115758582, 0.2304679808616638], [0.03125872565516677, 0.2304679808616638], [0.03134055770638618, 0.2304679808616638], [0.03140536049486907, 0.2304679808616638], [0.03148466022376659, 0.2304679808616638], [0.031568150395904826, 0.2304679808616638]], "local_test_accs": [[0.651, 0.116], [0.822, 0.116], [0.869, 0.116], [0.914, 0.116], [0.927, 0.116], [0.934, 0.116], [0.934, 0.116], [0.943, 0.116], [0.947, 0.116], [0.945, 0.116], [0.945, 0.116], [0.95, 0.116], [0.948, 0.116], [0.946, 0.116], [0.949, 0.116], [0.951, 0.116], [0.948, 0.116], [0.953, 0.116], [0.953, 0.116], [0.953, 0.116], [0.951, 0.116], [0.955, 0.116], [0.953, 0.116], [0.952, 0.116], [0.951, 0.116], [0.951, 0.116], [0.951, 0.116], [0.953, 0.116], [0.95, 0.116], [0.952, 0.116], [0.952, 0.116], [0.952, 0.116], [0.951, 0.116], [0.952, 0.116], [0.951, 0.116], [0.95, 0.116], [0.951, 0.116], [0.95, 0.116], [0.95, 0.116], [0.95, 0.116], [0.95, 0.116], [0.95, 0.116], [0.95, 0.116], [0.95, 0.116], [0.95, 0.116], [0.95, 0.116], [0.95, 0.116], [0.951, 0.116], [0.95, 0.116], [0.951, 0.116], [0.951, 0.116], [0.951, 0.116], [0.951, 0.116], [0.951, 0.116], [0.951, 0.116], [0.951, 0.116], [0.951, 0.116], [0.951, 0.116], [0.951, 0.116], [0.951, 0.116], [0.951, 0.116], [0.951, 0.116], [0.951, 0.116], [0.95, 0.116], [0.95, 0.116], [0.95, 0.116], [0.95, 0.116], [0.95, 0.116], [0.951, 0.116], [0.951, 0.116], [0.952, 0.116], [0.952, 0.116], [0.952, 0.116], [0.952, 0.116], [0.952, 0.116], [0.952, 0.116], [0.952, 0.116], [0.952, 0.116], [0.952, 0.116], [0.952, 0.116], [0.952, 0.116]],