{"test_losses": [0.23269988870620728, 0.23003256344795225, 0.22764315450191497, 0.22675300484895705, 0.224889829993248, 0.2246995844244957, 0.22272209769487383, 0.22240777462720873, 0.22060528898239135, 0.21907703268527984, 0.22049426347017287], "test_accs": [0.121, 0.12, 0.134, 0.128, 0.1475, 0.1415, 0.166, 0.153, 0.1795, 0.1745, 0.1705], "local_test_losses": [[0.23451544070243835, 0.23088433670997618], [0.22918079018592835, 0.23088433670997618], [0.22440197110176086, 0.23088433790206908], [0.2226216732263565, 0.23088433647155762], [0.21889532279968263, 0.23088433718681337], [0.21851483166217803, 0.23088433718681337], [0.21455985820293427, 0.23088433718681337], [0.21393121206760407, 0.23088433718681337], [0.21032624077796935, 0.23088433718681337], [0.20726972818374634, 0.23088433718681337], [0.2101041897535324, 0.23088433718681337]], "local_test_accs": [[0.132, 0.11], [0.13, 0.11], [0.158, 0.11], [0.146, 0.11], [0.185, 0.11], [0.173, 0.11], [0.222, 0.11], [0.196, 0.11], [0.249, 0.11], [0.239, 0.11], [0.231, 0.11]], "global_test_losses": [0.2315838806629181, 0.22923389887809753, 0.22586590719223024, 0.2219773441553116, 0.21976572251319884, 0.21954636979103087, 0.2166463646888733, 0.21550918591022492, 0.21258968687057495, 0.21352713358402253, 0.21084030997753142], "global_test_accs": [0.119, 0.154, 0.161, 0.152, 0.189, 0.181, 0.231, 0.208, 0.252, 0.241, 0.229]}