{"test_losses": [0.23003415846824646], "test_accs": [0.11280000000000001], "local_test_losses": [[0.22806858015060424, 0.23065749406814576, 0.23069374179840088, 0.2303670630455017, 0.2303839132785797]], "local_test_accs": [[0.135, 0.099, 0.101, 0.115, 0.114]], "global_test_losses": [0.22987717461586], "global_test_accs": [0.132]}