{"test_losses": [0.022616782188415525, 0.02151058753331502, 0.020334877173105875, 0.01990190545717875, 0.026262879371643066, 0.026257490317026774, 0.02169228951136271, 0.022143057187398275, 0.025026546319325767, 0.023017993768056234, 0.02166963497797648], "test_accs": [0.22666666666666666, 0.2866666666666667, 0.2866666666666667, 0.2866666666666667, 0.2866666666666667, 0.2866666666666667, 0.2866666666666667, 0.2866666666666667, 0.2866666666666667, 0.2866666666666667, 0.2866666666666667], "local_test_losses": [[0.022488532066345216, 0.022770297527313233, 0.022591516971588135], [0.021455504894256593, 0.021577777862548827, 0.02149847984313965], [0.020380027294158935, 0.020324251651763915, 0.020300352573394777], [0.020212509632110597, 0.019714361429214476, 0.019778845310211183], [0.028444747924804687, 0.02528812885284424, 0.025055761337280272], [0.026870975494384764, 0.028785810470581055, 0.023115684986114503], [0.021851613521575927, 0.023076348304748535, 0.020148906707763672], [0.02301981210708618, 0.02185239315032959, 0.021556966304779053], [0.025631210803985595, 0.025682950019836427, 0.023765478134155273], [0.022929329872131348, 0.02613077163696289, 0.019993879795074464], [0.02230628490447998, 0.022411723136901856, 0.020290896892547608]], "local_test_accs": [[0.3, 0.12, 0.26], [0.29, 0.31, 0.26], [0.29, 0.31, 0.26], [0.29, 0.31, 0.26], [0.29, 0.31, 0.26], [0.29, 0.31, 0.26], [0.29, 0.31, 0.26], [0.29, 0.31, 0.26], [0.29, 0.31, 0.26], [0.29, 0.31, 0.26], [0.29, 0.31, 0.26]], "global_test_losses": [0.0230418119430542, 0.0230418119430542, 0.0230418119430542, 0.0230418119430542, 0.0230418119430542, 0.0230418119430542, 0.0230418119430542, 0.0230418119430542, 0.0230418119430542, 0.0230418119430542, 0.0230418119430542], "global_test_accs": [0.095, 0.095, 0.095, 0.095, 0.095, 0.095, 0.095, 0.095, 0.095, 0.095, 0.095]}