{"test_losses": [0.023294788939100843, 0.02532080045572153, 0.020849127549905557, 0.016098082602561056, 0.01655609769983454, 0.015085243605994605, 0.014703513981701733, 0.014260896452673682, 0.014512533480459982, 0.013571655666744625, 0.014872689803202709], "test_acc": [0.13213213213213212, 0.11811811811811812, 0.2652652652652653, 0.3983983983983984, 0.4014014014014014, 0.43743743743743746, 0.4494494494494494, 0.47847847847847846, 0.4574574574574575, 0.4944944944944945, 0.4894894894894895], "local_test_losses": [[0.023294788939100843], [0.02532080045572153], [0.020849127549905557], [0.016098082602561056], [0.01655609769983454], [0.015085243605994605], [0.014703513981701733], [0.014260896452673682], [0.014512533480459982], [0.013571655666744625], [0.014872689803202709]], "local_test_acc": [[0.13213213213213212], [0.11811811811811812], [0.2652652652652653], [0.3983983983983984], [0.4014014014014014], [0.43743743743743746], [0.4494494494494494], [0.47847847847847846], [0.4574574574574575], [0.4944944944944945], [0.4894894894894895]]}