{"test_losses": [0.022582960921728738], "test_acc": [0.537402077992321], "local_test_losses": [[0.02276306986808777, 0.02223628330230713, 0.022034171345952275, 0.02308401417732239, 0.022587184190750124, 0.02278887414932251, 0.022774479150772096, 0.021894769191741943, 0.02290779685974121, 0.022554956122725185, 0.022676716576348076, 0.022487164974212645, 0.02279400110244751, 0.022825611139347175, 0.02225381278991699, 0.022612821351777803, 0.022929734468460083, 0.02258759379386902, 0.022240256309509276, 0.022303103923320293, 0.022925161838531494, 0.02275265645980835, 0.0226350998878479, 0.02198564648628235, 0.022387096881866454, 0.02276435318413201, 0.02246339376027639, 0.02288283122791065, 0.022585399866104125, 0.022471254587173462, 0.02267952275276184, 0.022785917774693028]], "local_test_acc": [[0.287, 0.673, 0.8878878878878879, 0.0, 0.83, 0.401, 0.334, 0.995, 0.086, 0.5981963927855711, 0.5325325325325325, 0.351, 0.235, 0.7164328657314629, 0.783, 0.8968968968968969, 0.306, 0.697, 0.736, 0.8848848848848849, 0.358, 0.515, 0.68, 0.985, 0.702, 0.3183183183183183, 0.3163163163163163, 0.001001001001001001, 0.443, 0.515, 0.733, 0.3993993993993994]]}