{"test_losses": [0.009717775118362915], "test_acc": [0.5483766266266267], "local_test_losses": [[0.01134431779384613, 0.009078239977359771, 0.007299917984056521, 0.01114862471818924]], "local_test_acc": [[0.462, 0.673, 0.5065065065065065, 0.552]]}