{"test_losses": [0.02046103653907776, 0.018148038578033446, 0.016388179802894594, 0.01550836169719696, 0.014884570360183716, 0.014439160633087159, 0.014031547904014587, 0.014013885164260864, 0.013471024572849273, 0.013384765422344208, 0.013078605282306671], "test_acc": [0.2525, 0.3423, 0.4095, 0.4329, 0.4653, 0.4742, 0.4961, 0.4939, 0.5217, 0.5249, 0.5348], "local_test_losses": [[0.02046103653907776, 0.02046103653907776, 0.02046103653907776, 0.02046103653907776], [0.018148038578033446, 0.018148038578033446, 0.018148038578033446, 0.018148038578033446], [0.016388179802894594, 0.016388179802894594, 0.016388179802894594, 0.016388179802894594], [0.01550836169719696, 0.01550836169719696, 0.01550836169719696, 0.01550836169719696], [0.014884570360183716, 0.014884570360183716, 0.014884570360183716, 0.014884570360183716], [0.014439160633087159, 0.014439160633087159, 0.014439160633087159, 0.014439160633087159], [0.014031547904014587, 0.014031547904014587, 0.014031547904014587, 0.014031547904014587], [0.014013885164260864, 0.014013885164260864, 0.014013885164260864, 0.014013885164260864], [0.013471024572849273, 0.013471024572849273, 0.013471024572849273, 0.013471024572849273], [0.013384765422344208, 0.013384765422344208, 0.013384765422344208, 0.013384765422344208], [0.013078605282306671, 0.013078605282306671, 0.013078605282306671, 0.013078605282306671]], "local_test_acc": [[0.2525, 0.2525, 0.2525, 0.2525], [0.3423, 0.3423, 0.3423, 0.3423], [0.4095, 0.4095, 0.4095, 0.4095], [0.4329, 0.4329, 0.4329, 0.4329], [0.4653, 0.4653, 0.4653, 0.4653], [0.4742, 0.4742, 0.4742, 0.4742], [0.4961, 0.4961, 0.4961, 0.4961], [0.4939, 0.4939, 0.4939, 0.4939], [0.5217, 0.5217, 0.5217, 0.5217], [0.5249, 0.5249, 0.5249, 0.5249], [0.5348, 0.5348, 0.5348, 0.5348]]}