{"test_losses": [0.2298829848766327, 0.2265610706806183, 0.21197222542762756, 0.20711947333812714, 0.20364915692806243, 0.20016525602340698, 0.19915534806251525, 0.19817733347415925, 0.1970728054046631, 0.19577450966835022, 0.19353553783893584], "test_accs": [0.145, 0.163, 0.234, 0.233, 0.258, 0.266, 0.288, 0.282, 0.307, 0.302, 0.324], "local_test_losses": [[0.2298829848766327], [0.2265610706806183], [0.21197222542762756], [0.20711947333812714], [0.20364915692806243], [0.20016525602340698], [0.19915534806251525], [0.19817733347415925], [0.1970728054046631], [0.19577450966835022], [0.19353553783893584]], "local_test_accs": [[0.145], [0.163], [0.234], [0.233], [0.258], [0.266], [0.288], [0.282], [0.307], [0.302], [0.324]], "global_test_losses": [0.2298829848766327, 0.2265610706806183, 0.21197222542762756, 0.20711947333812714, 0.20364915692806243, 0.20016525602340698, 0.19915534806251525, 0.19817733347415925, 0.1970728054046631, 0.19577450966835022, 0.19353553783893584], "global_test_accs": [0.145, 0.163, 0.234, 0.233, 0.258, 0.266, 0.288, 0.282, 0.307, 0.302, 0.324]}