{"test_losses": [0.02294949910556427], "test_accs": [0.19688131313131313], "local_test_losses": [[0.02285609006881714, 0.022812583446502686, 0.022702362537384033, 0.02329564576197152, 0.023063110582756275, 0.022989177703857423, 0.022963967323303223, 0.022913055419921877]], "local_test_accs": [[0.1, 0.31, 0.2, 0.12121212121212122, 0.3838383838383838, 0.0, 0.33, 0.13]], "global_test_losses": [0.023006617069244385], "global_test_accs": [0.123]}