{"test_losses": [0.023022414922714233], "test_accs": [0.105], "local_test_losses": [[0.023022414922714233]], "local_test_accs": [[0.105]], "global_test_losses": [0.023022414922714233], "global_test_accs": [0.105]}