{"test_losses": [0.04811374318321028], "test_accs": [0.015639933739806856], "local_test_losses": [[0.046982346748819154, 0.04698493529339226, 0.04847585276553505, 0.0500433755957562, 0.04794161021709442, 0.05005360686260721, 0.04696182815396056, 0.047473568277260694, 0.04652190930915601, 0.04846948322496916, 0.04698405947004046, 0.04845393331427323, 0.04796825349330902, 0.04796201487382253, 0.046059126853942874, 0.05174356632018357, 0.04747408444119483, 0.047958771387736, 0.04848642349243164, 0.048970379727952026, 0.050587512634612704, 0.04845014873303865, 0.04746114101606546, 0.04896216696881233, 0.04796154797077179, 0.047459474543935246, 0.04746459685650069, 0.04795634746551514, 0.04794636368751526, 0.04796476662158966, 0.04698863321421098, 0.048467952326724406]], "local_test_accs": [[0.030612244897959183, 0.0, 0.021052631578947368, 0.0, 0.010416666666666666, 0.08695652173913043, 0.01020408163265306, 0.030927835051546393, 0.020202020202020204, 0.0, 0.0, 0.0, 0.0, 0.010416666666666666, 0.03, 0.0, 0.010309278350515464, 0.0, 0.010526315789473684, 0.0, 0.0, 0.010526315789473684, 0.020618556701030927, 0.010638297872340425, 0.010416666666666666, 0.010309278350515464, 0.030927835051546393, 0.125, 0.0, 0.010416666666666666, 0.0, 0.0]], "global_test_losses": [0.04605189743041992], "global_test_accs": [0.01]}