{"test_losses": [0.2267633119344711, 0.20081651196479794, 0.19266533160060645, 0.19113675112128256, 0.18952591182126197, 0.18898114625561285, 0.18899113966292935, 0.1889979296297941, 0.18889314932297274, 0.18879525092848343, 0.1887769720506447, 0.18883781800884025, 0.18870823146365145, 0.1886919430863738, 0.1887564097361079, 0.18871739562429102, 0.1886416995422829, 0.18853258859353045, 0.1885588591892789, 0.18857289730190532, 0.18857628245524993, 0.18871545877494428, 0.1887059528889935, 0.18872796389474042, 0.1888469096223066, 0.1889263415391175, 0.18888079906946792, 0.1889483312692436, 0.1890312787995302, 0.1890200159482129, 0.1890493415616638, 0.18906213762482452, 0.18901054027154152, 0.18908572290171108, 0.1891162720281238, 0.1891482697377263, 0.18918923738901514, 0.18923898699611524, 0.18926988608267967, 0.1893051923897817, 0.1893623949270305, 0.18924422751958095, 0.1890795940525966, 0.18898270012599983, 0.18902777453879763, 0.18910006869718482, 0.18916133214801215, 0.189217997412657, 0.18926550583305157, 0.18930913418574952, 0.18934379393427855, 0.18937895656884446, 0.18940960257428177, 0.18943899164329292, 0.18946655044217617, 0.18949664182127302, 0.1895240536883255, 0.18954765953239228, 0.18956753289955425, 0.18959029180775272, 0.18961359347975584, 0.18963403746252055, 0.18965108176302775, 0.18967156861176465, 0.18968691041303387, 0.1897089570870311, 0.18972377532896376, 0.18974002357892644, 0.18975888596099486, 0.18977269263754634, 0.18978857207219163, 0.18980357530849737, 0.18981807054461644, 0.18983068773571257, 0.18984225547786723, 0.18985631164959385, 0.1898707217655299, 0.18988114259132516, 0.18989248590054736, 0.18990235736298414, 0.18991212022270915], "test_accs": [0.1518, 0.23620000000000002, 0.25980000000000003, 0.265, 0.2704000000000001, 0.273, 0.2724000000000001, 0.27260000000000006, 0.2740000000000001, 0.2744000000000001, 0.27420000000000005, 0.2744000000000001, 0.27480000000000004, 0.27460000000000007, 0.27480000000000004, 0.27540000000000003, 0.275, 0.27660000000000007, 0.27620000000000006, 0.27640000000000003, 0.277, 0.277, 0.27680000000000005, 0.27680000000000005, 0.27660000000000007, 0.27640000000000003, 0.27640000000000003, 0.27640000000000003, 0.27660000000000007, 0.277, 0.27680000000000005, 0.27740000000000004, 0.27740000000000004, 0.27740000000000004, 0.27740000000000004, 0.2776, 0.2776, 0.27740000000000004, 0.27740000000000004, 0.27740000000000004, 0.27740000000000004, 0.2772, 0.2776, 0.278, 0.27860000000000007, 0.27860000000000007, 0.27840000000000004, 0.27840000000000004, 0.27840000000000004, 0.27840000000000004, 0.27840000000000004, 0.27840000000000004, 0.27840000000000004, 0.27820000000000006, 0.27820000000000006, 0.27820000000000006, 0.27820000000000006, 0.27820000000000006, 0.27820000000000006, 0.27820000000000006, 0.27820000000000006, 0.27820000000000006, 0.27820000000000006, 0.27840000000000004, 0.27840000000000004, 0.27840000000000004, 0.27840000000000004, 0.27840000000000004, 0.27840000000000004, 0.27840000000000004, 0.27840000000000004, 0.27840000000000004, 0.27840000000000004, 0.27840000000000004, 0.27840000000000004, 0.27840000000000004, 0.27840000000000004, 0.27840000000000004, 0.27840000000000004, 0.27840000000000004, 0.27840000000000004], "local_test_losses": [[0.21184729397296906, 0.23044118666648863, 0.22999393844604493, 0.23062082695960998, 0.23091331362724304], [0.082113276720047, 0.23044118762016297, 0.22999395871162415, 0.2306208167076111, 0.23091332006454468], [0.041357374183833596, 0.2304411714076996, 0.22999394702911377, 0.23062084889411927, 0.230913316488266], [0.03371448442339897, 0.23044116687774657, 0.22999394392967223, 0.2306208519935608, 0.2309133083820343], [0.025660291261156088, 0.23044116711616516, 0.22999394392967223, 0.23062085103988647, 0.23091330575942992], [0.022936463432910385, 0.23044116711616516, 0.22999394392967223, 0.23062085103988647, 0.23091330575942992], [0.022986430469492915, 0.23044116711616516, 0.22999394392967223, 0.23062085103988647, 0.23091330575942992], [0.02302038030381664, 0.23044116711616516, 0.22999394392967223, 0.23062085103988647, 0.23091330575942992], [0.02249647876970994, 0.23044116711616516, 0.22999394392967223, 0.23062085103988647, 0.23091330575942992], [0.02200698679726338, 0.23044116711616516, 0.22999394392967223, 0.23062085103988647, 0.23091330575942992], [0.02191559240806964, 0.23044116711616516, 0.22999394392967223, 0.23062085103988647, 0.23091330575942992], [0.022219822199047484, 0.23044116711616516, 0.22999394392967223, 0.23062085103988647, 0.23091330575942992], [0.02157188947310351, 0.23044116711616516, 0.22999394392967223, 0.23062085103988647, 0.23091330575942992], [0.021490447586715162, 0.23044116711616516, 0.22999394392967223, 0.23062085103988647, 0.23091330575942992], [0.02181278083538564, 0.23044116711616516, 0.22999394392967223, 0.23062085103988647, 0.23091330575942992], [0.021617710276301296, 0.23044116711616516, 0.22999394392967223, 0.23062085103988647, 0.23091330575942992], [0.021239229866260756, 0.23044116711616516, 0.22999394392967223, 0.23062085103988647, 0.23091330575942992], [0.02069367512249846, 0.23044116711616516, 0.22999394392967223, 0.23062085103988647, 0.23091330575942992], [0.020825028101240605, 0.23044116711616516, 0.22999394392967223, 0.23062085103988647, 0.23091330575942992], [0.020895218664372807, 0.23044116711616516, 0.22999394392967223, 0.23062085103988647, 0.23091330575942992], [0.02091214443109584, 0.23044116711616516, 0.22999394392967223, 0.23062085103988647, 0.23091330575942992], [0.021608026029567556, 0.23044116711616516, 0.22999394392967223, 0.23062085103988647, 0.23091330575942992], [0.02156049659981363, 0.23044116711616516, 0.22999394392967223, 0.23062085103988647, 0.23091330575942992], [0.02167055162854831, 0.23044116711616516, 0.22999394392967223, 0.23062085103988647, 0.23091330575942992], [0.02226528026637925, 0.23044116711616516, 0.22999394392967223, 0.23062085103988647, 0.23091330575942992], [0.022662439850433657, 0.23044116711616516, 0.22999394392967223, 0.23062085103988647, 0.23091330575942992], [0.022434727502185753, 0.23044116711616516, 0.22999394392967223, 0.23062085103988647, 0.23091330575942992], [0.022772388501064143, 0.23044116711616516, 0.22999394392967223, 0.23062085103988647, 0.23091330575942992], [0.02318712615249717, 0.23044116711616516, 0.22999394392967223, 0.23062085103988647, 0.23091330575942992], [0.02313081189591071, 0.23044116711616516, 0.22999394392967223, 0.23062085103988647, 0.23091330575942992], [0.02327743996316531, 0.23044116711616516, 0.22999394392967223, 0.23062085103988647, 0.23091330575942992], [0.023341420278968742, 0.23044116711616516, 0.22999394392967223, 0.23062085103988647, 0.23091330575942992], [0.02308343351255374, 0.23044116711616516, 0.22999394392967223, 0.23062085103988647, 0.23091330575942992], [0.02345934666340163, 0.23044116711616516, 0.22999394392967223, 0.23062085103988647, 0.23091330575942992], [0.023612092295465247, 0.23044116711616516, 0.22999394392967223, 0.23062085103988647, 0.23091330575942992], [0.023772080843477695, 0.23044116711616516, 0.22999394392967223, 0.23062085103988647, 0.23091330575942992], [0.02397691909992194, 0.23044116711616516, 0.22999394392967223, 0.23062085103988647, 0.23091330575942992], [0.024225667135422485, 0.23044116711616516, 0.22999394392967223, 0.23062085103988647, 0.23091330575942992], [0.024380162568244573, 0.23044116711616516, 0.22999394392967223, 0.23062085103988647, 0.23091330575942992], [0.024556694103754637, 0.23044116711616516, 0.22999394392967223, 0.23062085103988647, 0.23091330575942992], [0.0248427067899987, 0.23044116711616516, 0.22999394392967223, 0.23062085103988647, 0.23091330575942992], [0.024251869752750947, 0.23044116711616516, 0.22999394392967223, 0.23062085103988647, 0.23091330575942992], [0.023428702417829298, 0.23044116711616516, 0.22999394392967223, 0.23062085103988647, 0.23091330575942992], [0.02294423278484527, 0.23044116711616516, 0.22999394392967223, 0.23062085103988647, 0.23091330575942992], 