{"test_losses": [0.01941978489160538, 0.01662459808588028, 0.015489615535736084, 0.01460250347852707, 0.014070590496063233, 0.013348244094848633, 0.013012279903888702, 0.012678758335113526, 0.01223613086938858, 0.011873940747976304, 0.011567318642139435, 0.01140858336687088, 0.01123530269265175, 0.011139176082611084, 0.010903275209665298, 0.010648151576519013, 0.010391499745845795, 0.010357823663949967, 0.010151204526424408, 0.010026494520902634, 0.010040704250335694, 0.00988142872452736, 0.00983030635714531, 0.009923796314001084, 0.009555285996198655, 0.00948282369375229, 0.009320903074741364, 0.009292107713222504, 0.009260823720693588, 0.00915728104710579, 0.00922891474366188, 0.009002285021543504, 0.008923640066385269, 0.00893611682653427, 0.008839865565299988, 0.008741865670681, 0.008720879358053208, 0.008612016427516937, 0.008532082176208496, 0.00849190355539322, 0.008604978197813034, 0.008466289079189301, 0.008429778081178665, 0.008650059992074967, 0.008343160271644593, 0.008411751180887222, 0.008317304402589798, 0.008322203826904297, 0.008257713085412979, 0.00816487808227539, 0.008135013824701309, 0.008157821956276894, 0.00810589559674263, 0.008085333114862443, 0.008140960413217544, 0.008085216903686524, 0.008088717597723007, 0.008058242475986481, 0.007980828425288201, 0.008042988726496697, 0.008050319242477417], "test_acc": [0.294, 0.397, 0.4417, 0.4751, 0.495, 0.5246, 0.534, 0.5516, 0.5692, 0.5764, 0.5948, 0.6004, 0.6084, 0.6074, 0.6231, 0.6294, 0.6398, 0.6358, 0.648, 0.6542, 0.6478, 0.6549, 0.6618, 0.6503, 0.669, 0.6706, 0.6834, 0.6739, 0.6792, 0.686, 0.679, 0.6886, 0.6901, 0.688, 0.6928, 0.6968, 0.6974, 0.7053, 0.7058, 0.7075, 0.7008, 0.7081, 0.7084, 0.7016, 0.7123, 0.7079, 0.7143, 0.7104, 0.717, 0.7204, 0.7182, 0.7177, 0.7196, 0.7199, 0.7195, 0.7199, 0.7215, 0.7226, 0.7271, 0.7181, 0.7187], "local_test_losses": [[0.01941978489160538, 0.01941978489160538, 0.01941978489160538, 0.01941978489160538], [0.01662459808588028, 0.01662459808588028, 0.01662459808588028, 0.01662459808588028], [0.015489615535736084, 0.015489615535736084, 0.015489615535736084, 0.015489615535736084], [0.01460250347852707, 0.01460250347852707, 0.01460250347852707, 0.01460250347852707], [0.014070590496063233, 0.014070590496063233, 0.014070590496063233, 0.014070590496063233], [0.013348244094848633, 0.013348244094848633, 0.013348244094848633, 0.013348244094848633], [0.013012279903888702, 0.013012279903888702, 0.013012279903888702, 0.013012279903888702], [0.012678758335113526, 0.012678758335113526, 0.012678758335113526, 0.012678758335113526], [0.01223613086938858, 0.01223613086938858, 0.01223613086938858, 0.01223613086938858], [0.011873940747976304, 0.011873940747976304, 0.011873940747976304, 0.011873940747976304], [0.011567318642139435, 0.011567318642139435, 0.011567318642139435, 0.011567318642139435], [0.01140858336687088, 0.01140858336687088, 0.01140858336687088, 0.01140858336687088], [0.01123530269265175, 0.01123530269265175, 0.01123530269265175, 0.01123530269265175], [0.011139176082611084, 0.011139176082611084, 0.011139176082611084, 0.011139176082611084], [0.010903275209665298, 0.010903275209665298, 0.010903275209665298, 0.010903275209665298], [0.010648151576519013, 0.010648151576519013, 0.010648151576519013, 0.010648151576519013], [0.010391499745845795, 0.010391499745845795, 0.010391499745845795, 0.010391499745845795], [0.010357823663949967, 0.010357823663949967, 0.010357823663949967, 0.010357823663949967], [0.010151204526424408, 0.010151204526424408, 0.010151204526424408, 0.010151204526424408], [0.010026494520902634, 0.010026494520902634, 0.010026494520902634, 0.010026494520902634], [0.010040704250335694, 0.010040704250335694, 0.010040704250335694, 0.010040704250335694], [0.00988142872452736, 0.00988142872452736, 0.00988142872452736, 0.00988142872452736], [0.00983030635714531, 0.00983030635714531, 0.00983030635714531, 0.00983030635714531], [0.009923796314001084, 0.009923796314001084, 0.009923796314001084, 0.009923796314001084], [0.009555285996198655, 0.009555285996198655, 0.009555285996198655, 0.009555285996198655], [0.00948282369375229, 0.00948282369375229, 0.00948282369375229, 0.00948282369375229], [0.009320903074741364, 0.009320903074741364, 0.009320903074741364, 0.009320903074741364], [0.009292107713222504, 0.009292107713222504, 0.009292107713222504, 0.009292107713222504], [0.009260823720693588, 0.009260823720693588, 0.009260823720693588, 0.009260823720693588], [0.00915728104710579, 0.00915728104710579, 0.00915728104710579, 0.00915728104710579], [0.00922891474366188, 0.00922891474366188, 0.00922891474366188, 0.00922891474366188], [0.009002285021543504, 0.009002285021543504, 0.009002285021543504, 0.009002285021543504], [0.008923640066385269, 0.008923640066385269, 0.008923640066385269, 0.008923640066385269], [0.00893611682653427, 0.00893611682653427, 0.00893611682653427, 0.00893611682653427], [0.008839865565299988, 0.008839865565299988, 0.008839865565299988, 0.008839865565299988], [0.008741865670681, 0.008741865670681, 0.008741865670681, 0.008741865670681], [0.008720879358053208, 0.008720879358053208, 0.008720879358053208, 0.008720879358053208], [0.008612016427516937, 0.008612016427516937, 0.008612016427516937, 0.008612016427516937], [0.008532082176208496, 0.008532082176208496, 0.008532082176208496, 0.008532082176208496], [0.00849190355539322, 0.00849190355539322, 0.00849190355539322, 0.00849190355539322], [0.008604978197813034, 0.008604978197813034, 0.008604978197813034, 0.008604978197813034], [0.008466289079189301, 0.008466289079189301, 0.008466289079189301, 0.008466289079189301], [0.008429778081178665, 0.008429778081178665, 0.008429778081178665, 0.008429778081178665], [0.008650059992074967, 0.008650059992074967, 0.008650059992074967, 0.008650059992074967], [0.008343160271644593, 0.008343160271644593, 0.008343160271644593, 0.008343160271644593], [0.008411751180887222, 0.008411751180887222, 0.008411751180887222, 0.008411751180887222], [0.008317304402589798, 0.008317304402589798, 0.008317304402589798, 0.008317304402589798], [0.008322203826904297, 0.008322203826904297, 0.008322203826904297, 0.008322203826904297], [0.008257713085412979, 0.008257713085412979, 0.008257713085412979, 0.008257713085412979], [0.00816487808227539, 0.00816487808227539, 0.00816487808227539, 0.00816487808227539], [0.008135013824701309, 0.008135013824701309, 0.008135013824701309, 0.008135013824701309], [0.008157821956276894, 0.008157821956276894, 0.008157821956276894, 0.008157821956276894], [0.00810589559674263, 0.00810589559674263, 0.00810589559674263, 0.00810589559674263], [0.008085333114862443, 0.008085333114862443, 0.008085333114862443, 0.008085333114862443], [0.008140960413217544, 0.008140960413217544, 0.008140960413217544, 0.008140960413217544], [0.008085216903686524, 0.008085216903686524, 0.008085216903686524, 0.008085216903686524], [0.008088717597723007, 0.008088717597723007, 0.008088717597723007, 0.008088717597723007], [0.008058242475986481, 0.008058242475986481, 0.008058242475986481, 0.008058242475986481], [0.007980828425288201, 0.007980828425288201, 0.007980828425288201, 0.007980828425288201], [0.008042988726496697, 0.008042988726496697, 0.008042988726496697, 0.008042988726496697], [0.008050319242477417, 0.008050319242477417, 0.008050319242477417, 0.008050319242477417]],