{"test_losses": [0.22957201945781708, 0.22606618028879166, 0.22116160088777542, 0.21694278770685194, 0.2139995612502098, 0.20996883672475813, 0.2092837752699852, 0.20665377360582352, 0.2048855248093605, 0.20393549752235413, 0.2021337131857872], "test_accs": [0.1055, 0.1415, 0.1625, 0.1835, 0.2065, 0.2225, 0.223, 0.2375, 0.2395, 0.2435, 0.252], "local_test_losses": [[0.22883906483650207, 0.23030497407913209], [0.22182738649845124, 0.23030497407913209], [0.2120182272195816, 0.23030497455596924], [0.2035806003808975, 0.2303049750328064], [0.19769414818286896, 0.23030497431755065], [0.18963269913196565, 0.23030497431755065], [0.18826257622241974, 0.23030497431755065], [0.18300257289409638, 0.23030497431755065], [0.17946607530117034, 0.23030497431755065], [0.1775660207271576, 0.23030497431755065], [0.17396245205402375, 0.23030497431755065]], "local_test_accs": [[0.108, 0.103], [0.18, 0.103], [0.222, 0.103], [0.264, 0.103], [0.31, 0.103], [0.342, 0.103], [0.343, 0.103], [0.372, 0.103], [0.376, 0.103], [0.384, 0.103], [0.401, 0.103]], "global_test_losses": [0.22894830417633055, 0.2250297532081604, 0.21887259221076966, 0.21352398574352263, 0.20957790398597717, 0.20282132387161256, 0.2023641710281372, 0.19827598536014557, 0.19426634395122527, 0.19329136824607848, 0.1895857572555542], "global_test_accs": [0.139, 0.182, 0.242, 0.284, 0.326, 0.348, 0.354, 0.377, 0.375, 0.379, 0.395]}