{"test_losses": [0.19102078932523725, 0.14202080914378165, 0.13356451669102534, 0.1294977249680669, 0.1276826495406858, 0.12635779860249022, 0.12506374225050967, 0.12467893246142922, 0.12513511283068146, 0.12496937212702323, 0.12447522400068374, 0.1242746835319922, 0.1239512960624379, 0.12371453206667685, 0.12380186329620665, 0.12385133300538746, 0.12396428419761923, 0.12362697597938496, 0.12411668639956792, 0.12429185800350069, 0.1240148445614292, 0.12428450611865902, 0.12446910337410287, 0.1245433496940633, 0.12442931890475842, 0.12469381128991842, 0.12489825201493733, 0.12500849004538178, 0.1252120954032731, 0.12534166933257426, 0.12547306382702517, 0.1255930471016411, 0.1257046939244238, 0.125796243284806, 0.1258968357873863, 0.1259931172757535, 0.12607271717438845, 0.12616778985871707, 0.126251306651527, 0.1263259898945312, 0.12640914151008464, 0.12648365165057582, 0.1265462960516567, 0.12661410494750902, 0.12667627444701104, 0.12673001648340515, 0.12678577164804145, 0.12685478969861064, 0.12691011396231275, 0.12697157168891024, 0.1270241419036836, 0.12707785048045384, 0.12713010458320154, 0.1271764970954897, 0.1272301090903428, 0.12728197109125064, 0.12733195646126722, 0.12737947241256592, 0.12742331142081728, 0.12747166756246947, 0.12751676137585352, 0.1275603210305414, 0.12760000733866483, 0.12764327893094643, 0.12768357804480712, 0.12771879305175365, 0.12775365996413635, 0.1278005113416307, 0.1278360290275176, 0.12787591286152916, 0.12791326535821962, 0.12794929521384005, 0.12798625057281793, 0.12802200166674219, 0.12805353532531588, 0.1280844750167278, 0.1281172814514453, 0.12814715193087786, 0.1281812796646812, 0.12821309309750176, 0.12824193914984972, 0.1282691768721303, 0.12830161776741442, 0.12832979136507627, 0.12836003960116693, 0.128389711566461, 0.1284154629558316, 0.12844284838827139, 0.12846921045665352, 0.12849591235545732, 0.1285212453349378, 0.12854439872342543, 0.12857048455110123, 0.12859656571725997, 0.12861989831349166, 0.1286446005099155, 0.1286677413226102, 0.12869116413577708, 0.12871510317721313, 0.1287365116100415, 0.12875999066064928, 0.12878262997528234, 0.12880436621227853, 0.1288270786269856, 0.12884852788986656, 0.12886985211909463, 0.12888882219483, 0.1289094889406438, 0.1289300239594728, 0.12895028953207296, 0.12896878574138196], "test_accs": [0.369, 0.45149999999999996, 0.486, 0.5065000000000001, 0.512, 0.5125000000000001, 0.516, 0.518, 0.5205, 0.5185, 0.5205, 0.5205, 0.521, 0.523, 0.522, 0.522, 0.5215, 0.523, 0.5235, 0.5245, 0.524, 0.5255, 0.5255, 0.524, 0.5235, 0.5245, 0.5245, 0.524, 0.5245, 0.5235, 0.5235, 0.524, 0.524, 0.524, 0.5235, 0.5235, 0.5235, 0.5235, 0.5235, 0.5235, 0.5235, 0.5235, 0.5235, 0.5235, 0.524, 0.524, 0.524, 0.524, 0.524, 0.524, 0.524, 0.524, 0.5245, 0.5245, 0.525, 0.5245, 0.525, 0.5245, 0.525, 0.525, 0.5255, 0.5255, 0.5255, 0.526, 0.526, 0.526, 0.5255, 0.5255, 0.5255, 0.5255, 0.5255, 0.5255, 0.5255, 0.5255, 0.5255, 0.5255, 0.5255, 0.5255, 0.5255, 0.5255, 0.5255, 0.5255, 0.5255, 0.5255, 0.5255, 0.5255, 0.5255, 0.5255, 0.5255, 0.5255, 0.5255, 0.5255, 0.5255, 0.526, 0.5255, 0.5255, 0.5255, 0.525, 0.525, 0.525, 0.525, 0.525, 0.525, 0.525, 0.525, 0.525, 0.525, 0.525, 0.525, 0.525, 0.525], "local_test_losses": [[0.15170889222621917, 0.23033268642425536], [0.053708946406841276, 0.23033267188072204], [0.03679635387193412, 0.23033267951011657], [0.028662778293830342, 0.23033267164230348], [0.025032629823253955, 0.23033266925811768], [0.022382927946862766, 0.23033266925811768], [0.019794815242901678, 0.23033266925811768], [0.01902519566474075, 0.23033266925811768], [0.019937556403245252, 0.23033266925811768], [0.019606074995928792, 0.23033266925811768], [0.0186177787432498, 0.23033266925811768], [0.018216697805866714, 0.23033266925811768], [0.017569922866758132, 0.23033266925811768], [0.017096394875236003, 0.23033266925811768], [0.01727105733429562, 0.23033266925811768], [0.017369996752657244, 0.23033266925811768], [0.017595899137120796, 0.23033266925811768], [0.016921282700652227, 0.23033266925811768], [0.017900703541018175, 0.23033266925811768], [0.01825104674888371, 0.23033266925811768], [0.017697019864740697, 0.23033266925811768], [0.018236342979200345, 0.23033266925811768], [0.01860553749008807, 0.23033266925811768], [0.018754030130008915, 0.23033266925811768], [0.01852596855139916, 0.23033266925811768], [0.019054953321719154, 0.23033266925811768], [0.019463834771756977, 0.23033266925811768], [0.019684310832645862, 0.23033266925811768], [0.0200915215484285, 0.23033266925811768], [0.02035066940703082, 0.23033266925811768], [0.02061345839593264, 0.23033266925811768], [0.020853424945164532, 0.23033266925811768], [0.02107671859072991, 0.23033266925811768], [0.021259817311494317, 0.23033266925811768], [0.021461002316654914, 0.23033266925811768], [0.021653565293389306, 0.23033266925811768], [0.021812765090659242, 0.23033266925811768], [0.022002910459316467, 0.23033266925811768], [0.02216994404493633, 0.23033266925811768], [0.022319310530944703, 0.23033266925811768], [0.022485613762051628, 0.23033266925811768], [0.02263463404303394, 0.23033266925811768], [0.022759922845195717, 0.23033266925811768], [0.02289554063690035, 0.23033266925811768], [0.023019879635904416, 0.23033266925811768], [0.02312736370869264, 0.23033266925811768], [0.02323887403796519, 0.23033266925811768], [0.023376910139103615, 0.23033266925811768], [0.023487558666507796, 0.23033266925811768], [0.023610474119702785, 0.23033266925811768], [0.02371561454924955, 0.23033266925811768], [0.02382303170278999, 0.23033266925811768], [0.02392753990828541, 0.23033266925811768], [0.024020324932861725, 0.23033266925811768], [0.024127548922567923, 0.23033266925811768], [0.02423127292438359, 0.23033266925811768], [0.024331243664416774, 0.23033266925811768], [0.02442627556701413, 0.23033266925811768], [0.024513953583516893, 0.23033266925811768], [0.02461066586682128, 0.23033266925811768], [0.02470085349358938, 0.23033266925811768], [0.024787972802965144, 0.23033266925811768], [0.024867345419212, 0.23033266925811768], [0.024953888603775197, 0.23033266925811768], [0.025034486831496578, 0.23033266925811768], [0.02510491684538961, 0.23033266925811768], [0.02517465067015499, 0.23033266925811768], [0.025268353425143716, 0.23033266925811768], [0.02533938879691749, 0.23033266925811768], [0.025419156464940612, 0.23033266925811768], [0.025493861458321533, 0.23033266925811768], [0.025565921169562387, 0.23033266925811768], [0.025639831887518186, 0.23033266925811768], [0.02571133407536668, 0.23033266925811768], [0.025774401392514065, 0.23033266925811768], [0.02583628077533787, 0.23033266925811768], [0.025901893644772883, 0.23033266925811768], [0.02596163460363806, 0.23033266925811768], [0.026029890071244722, 0.23033266925811768], [0.026093516936885806, 0.23033266925811768], [0.026151209041581736, 0.23033266925811768], [0.026205684486142886, 0.23033266925811768], [0.026270566276711163, 0.23033266925811768], [0.026326913472034887, 0.23033266925811768], [0.026387409944216175, 0.23033266925811768], [0.026446753874804316, 0.23033266925811768], [0.02649825665354551, 0.23033266925811768], [0.026553027518425084, 0.23033266925811768], [0.026605751655189337, 0.23033266925811768], [0.02665915545279698, 0.23033266925811768], [0.026709821411757942, 0.23033266925811768], [0.026756128188733158, 0.23033266925811768], [0.026808299844084785, 0.23033266925811768], [0.02686046217640228, 0.23033266925811768], [0.026907127368865646, 0.23033266925811768], [0.026956531761713337, 0.23033266925811768], [0.02700281338710272, 0.23033266925811768], [0.027049659013436467, 0.23033266925811768], [0.02709753709630857, 0.23033266925811768], [0.0271403539619653, 0.23033266925811768], [0.02718731206318087, 0.23033266925811768], [0.027232590692447003, 0.23033266925811768], [0.027276063166439372, 0.23033266925811768], [0.02732148799585357, 0.23033266925811768], [0.027364386521615443, 0.23033266925811768], [0.027407034980071587, 0.23033266925811768], [0.027444975131542294, 0.23033266925811768], 