{"test_losses": [0.02301980902602126], "test_acc": [0.18618618618618618], "local_test_losses": [[0.02301980902602126]], "local_test_acc": [[0.18618618618618618]]}