{"test_losses": [0.022651728054489752, 0.023023319503273628, 0.0240975593858295, 0.023395498030715518, 0.025210021231511625, 0.024384384772392232, 0.024643741718145335, 0.024240955076735425, 0.02808965937206239, 0.023646588346572833, 0.022628906254816537], "test_accs": [0.21835858585858586, 0.20460858585858588, 0.21085858585858586, 0.2409848484848485, 0.22582070707070706, 0.21320707070707073, 0.19563131313131316, 0.23441919191919192, 0.23431818181818181, 0.24698232323232328, 0.2646085858585859], "local_test_losses": [[0.022295246124267577, 0.02235278844833374, 0.02340008020401001, 0.02212254928820061, 0.022649805955212526, 0.022875471115112303, 0.02275045871734619, 0.02276742458343506], [0.021359734535217285, 0.020967628955841065, 0.03080132246017456, 0.022405718312118992, 0.021594637572163282, 0.022557621002197267, 0.02224414110183716, 0.022255752086639404], [0.022287535667419433, 0.020031065940856935, 0.03970938205718994, 0.024442530641652117, 0.020578235086768565, 0.022463200092315675, 0.02166494369506836, 0.02160358190536499], [0.022766990661621092, 0.02011796712875366, 0.03760140657424927, 0.02099746646303119, 0.02010047917414193, 0.022601330280303956, 0.02228050708770752, 0.02069783687591553], [0.02330935001373291, 0.020024127960205078, 0.045615248680114746, 0.025084620774394335, 0.020586440057465523, 0.022321982383728026, 0.0239694881439209, 0.020768911838531495], [0.023537557125091552, 0.019725258350372313, 0.04282961845397949, 0.02231649196509159, 0.021236161993007468, 0.021888983249664307, 0.023225181102752686, 0.020315825939178467], [0.023559560775756837, 0.019592465162277223, 0.04277910709381103, 0.024073615218653824, 0.021585228467228438, 0.021708900928497313, 0.0233831524848938, 0.02046790361404419], [0.02311110734939575, 0.019307135343551635, 0.04040419101715088, 0.022357979206123736, 0.021710207968047172, 0.021742751598358156, 0.02428107976913452, 0.02101318836212158], [0.022500324249267577, 0.019054492712020876, 0.05468696117401123, 0.04027409264535615, 0.02165967045408307, 0.02190002679824829, 0.023494887351989745, 0.021146819591522217], [0.021920437812805175, 0.018702151775360106, 0.03789645195007324, 0.023129689573037505, 0.021634607604055694, 0.02206939458847046, 0.02267881393432617, 0.021141159534454345], [0.02270519495010376, 0.018756515979766845, 0.03399604558944702, 0.019407912938281743, 0.021360142062408754, 0.022159218788146973, 0.022014756202697754, 0.020631463527679444]], "local_test_accs": [[0.31, 0.26, 0.03, 0.30303030303030304, 0.3838383838383838, 0.0, 0.33, 0.13], [0.29, 0.17, 0.03, 0.30303030303030304, 0.3838383838383838, 0.0, 0.33, 0.13], [0.17, 0.34, 0.03, 0.30303030303030304, 0.3838383838383838, 0.0, 0.33, 0.13], [0.17, 0.34, 0.13, 0.40404040404040403, 0.3838383838383838, 0.0, 0.32, 0.18], [0.08, 0.31, 0.17, 0.3838383838383838, 0.2727272727272727, 0.21, 0.13, 0.25], [0.08, 0.31, 0.16, 0.42424242424242425, 0.1414141414141414, 0.22, 0.12, 0.25], [0.1, 0.32, 0.16, 0.3838383838383838, 0.12121212121212122, 0.21, 0.12, 0.15], [0.17, 0.34, 0.16, 0.41414141414141414, 0.12121212121212122, 0.21, 0.33, 0.13], [0.22, 0.35, 0.18, 0.32323232323232326, 0.13131313131313133, 0.21, 0.33, 0.13], [0.19, 0.35, 0.15, 0.41414141414141414, 0.1717171717171717, 0.24, 0.33, 0.13], [0.24, 0.35, 0.13, 0.4444444444444444, 0.24242424242424243, 0.25, 0.33, 0.13]], "global_test_losses": [0.023012217760086058, 0.022919861793518067, 0.022574661016464232, 0.022074667692184448, 0.022020264863967895, 0.02195124959945679, 0.021979317188262938, 0.02156981110572815, 0.022343304872512817, 0.021076353311538697, 0.02098941206932068], "global_test_accs": [0.155, 0.111, 0.126, 0.216, 0.184, 0.192, 0.209, 0.232, 0.187, 0.238, 0.248]}