{"test_losses": [0.23392896771430968, 0.2300976345539093, 0.22893133234977722, 0.22212028110027313, 0.22543663263320923, 0.21838975179195405, 0.2163382192850113, 0.21619823896884918, 0.2131068334579468, 0.20793568968772888, 0.2110649836063385], "test_accs": [0.116, 0.112, 0.132, 0.18, 0.15, 0.185, 0.194, 0.208, 0.245, 0.244, 0.229], "local_test_losses": [[0.23392896771430968], [0.2300976345539093], [0.22893133234977722], [0.22212028110027313], [0.22543663263320923], [0.21838975179195405], [0.2163382192850113], [0.21619823896884918], [0.2131068334579468], [0.20793568968772888], [0.2110649836063385]], "local_test_accs": [[0.116], [0.112], [0.132], [0.18], [0.15], [0.185], [0.194], [0.208], [0.245], [0.244], [0.229]], "global_test_losses": [0.23392896771430968, 0.2300976345539093, 0.22893133234977722, 0.22212028110027313, 0.22543663263320923, 0.21838975179195405, 0.2163382192850113, 0.21619823896884918, 0.2131068334579468, 0.20793568968772888, 0.2110649836063385], "global_test_accs": [0.116, 0.112, 0.132, 0.18, 0.15, 0.185, 0.194, 0.208, 0.245, 0.244, 0.229]}