{"test_losses": [0.22859535908699036, 0.2124217610359192, 0.2046384507417679, 0.1977387534379959, 0.19284226107597352, 0.1873857250213623, 0.1823288587331772, 0.1794181866645813, 0.1747516152858734, 0.17251300358772279, 0.16901188087463379], "test_accs": [0.147, 0.232, 0.255, 0.298, 0.297, 0.329, 0.343, 0.355, 0.38, 0.379, 0.412], "local_test_losses": [[0.22859535908699036], [0.2124217610359192], [0.2046384507417679], [0.1977387534379959], [0.19284226107597352], [0.1873857250213623], [0.1823288587331772], [0.1794181866645813], [0.1747516152858734], [0.17251300358772279], [0.16901188087463379]], "local_test_accs": [[0.147], [0.232], [0.255], [0.298], [0.297], [0.329], [0.343], [0.355], [0.38], [0.379], [0.412]], "global_test_losses": [0.22859535908699036, 0.2124217610359192, 0.2046384507417679, 0.1977387534379959, 0.19284226107597352, 0.1873857250213623, 0.1823288587331772, 0.1794181866645813, 0.1747516152858734, 0.17251300358772279, 0.16901188087463379], "global_test_accs": [0.147, 0.232, 0.255, 0.298, 0.297, 0.329, 0.343, 0.355, 0.38, 0.379, 0.412]}