{"test_losses": [0.04642851202582667, 0.043325520696166915, 0.04044590964067019, 0.03881846547904, 0.03787947384743384, 0.0367221916252365, 0.036415250999157094, 0.037072560303476054, 0.03623447743600183, 0.03669758245360315, 0.037239721429913164], "test_accs": [0.06987198266697443, 0.07942976222813809, 0.08793677363822096, 0.11528956467645718, 0.13575504624627646, 0.16882228566813864, 0.19210612413068545, 0.1993963949169489, 0.21124285361181946, 0.21089311338935537, 0.21405837095768954], "local_test_losses": [[0.04518549296320701, 0.045522899043803314, 0.04683970903095446, 0.04857832970826522, 0.04619572559992472, 0.04781909610914147, 0.04539495584916095, 0.04566152808592491, 0.04508190444021514, 0.04723710511860094, 0.04506994753467793, 0.046958080090974505, 0.04633719722429911, 0.045871227979660034, 0.04441197395324707, 0.050097229775418056, 0.045486140496952016, 0.046407416462898254, 0.04704158180638363, 0.04625233690789406, 0.04910154657049493, 0.04694754951878598, 0.04582991550878151, 0.04677786218359115, 0.04678330818812052, 0.04566228512636165, 0.045825156968893464, 0.046224966645240784, 0.046177794535954796, 0.04664851725101471, 0.04576988609469667, 0.046513718052914266], [0.041964973722185404, 0.04285610938558773, 0.044055978875411184, 0.04596801944400953, 0.04248914619286855, 0.04544715259386146, 0.042495888106676996, 0.04319154110151468, 0.042814346274944265, 0.044573658391049036, 0.04262746596822933, 0.04332188556068822, 0.0427530954281489, 0.042161439855893455, 0.04065071105957031, 0.0467125324720747, 0.042132058094457255, 0.04331940909226736, 0.04412128548873098, 0.04159837073468147, 0.045690845657180956, 0.04447231292724609, 0.0424237398757148, 0.04286157831232598, 0.04440842072168986, 0.04265620044826232, 0.04315059209607311, 0.04270232220490774, 0.042382811506589256, 0.04416258633136749, 0.04338615281241281, 0.042864031540720084], [0.03918775003783557, 0.04093983222027214, 0.040860301569888464, 0.04328464943429698, 0.039655737578868866, 0.043485708858655846, 0.039415218392196964, 0.04066566339473134, 0.03969705466068152, 0.0409929074739155, 0.04040070455901477, 0.04038188833939402, 0.039955735206604004, 0.038410755495230355, 0.037106125354766845, 0.04374477300751076, 0.038540746747832935, 0.04105684161186218, 0.041658025038869756, 0.037503557002290765, 0.04278720342195951, 0.04164114249380011, 0.0401273265327375, 0.03972542539555976, 0.04187285900115967, 0.03961555982373424, 0.04103425606009886, 0.03938992073138555, 0.03969041754802068, 0.04235520462195078, 0.04028590358033472, 0.0387999133059853], [0.037554641159213316, 0.040808748225776514, 0.03869805335998535, 0.04104639395423557, 0.03819892803827921, 0.041843922241874366, 0.038091063499450684, 0.038606864889872444, 0.03763531916069262, 0.03911484417162443, 0.03971053872789655, 0.039192561099403785, 0.03786346067984899, 0.03748477498690287, 0.036734893321990966, 0.04056243414289496, 0.0363564859960497, 0.039259783923625946, 0.03995090785779451, 0.03535729519864346, 0.042015445101392136, 0.03943903069747122, 0.03885461374656441, 0.038517307727894884, 0.0403901735941569, 0.037291485009734164, 0.04001239894591656, 0.037330021460851036, 0.03865846743186315, 0.04173476994037628, 0.03823867136118363, 0.035636595675819796], [0.03419354253885697, 0.045196533203125, 0.037188221278943515, 0.04130488634109497, 0.037718266248703, 0.03970403256623641, 0.039470083859502056, 0.0383230779588837, 0.03589885403411557, 0.03883012972379986, 0.04053347451346261, 0.03881794778924239, 0.036454511185487114, 0.03520600746075312, 0.03297731637954712, 0.040925604573796306, 0.03752886880304396, 0.03823142250378927, 0.039310196826332494, 0.03359712438380465, 0.04071900346776941, 0.039584706958971524, 0.03850888714347918, 0.03628138785666608, 0.037925305465857186, 0.03613187848907156, 0.040016560210395104, 0.03440220902363459, 0.038441350062688194, 0.04020038992166519, 0.03484135744523029, 0.03368002489993447], [0.03438353051944655, 0.03818053128767987, 0.03587341810527601, 0.03958449415538622, 0.03502048055330912, 0.03955051432485166, 0.03587660740832893, 0.03571233306963419, 0.035390177158394244, 0.0377870710272538, 0.0400291413676982, 0.03911865886889006, 0.034143698712189995, 0.036104333897431694, 0.033033199310302734, 0.03807810986979624, 0.033465918806410325, 0.03690312554438909, 0.0402021608854595, 0.03401725596569954, 0.03825337284213894, 0.03851924946433619, 0.03752366046315616, 0.03633142532186305, 0.039624410370985665, 0.03447087032278789, 0.039657366644475875, 0.03304483493169149, 0.03751474618911743, 0.03991736968358358, 0.03516109622254664, 0.03263696871305767], [0.032559803553989956, 0.04514415896668726, 0.036207761262592515, 0.038045512593310814, 0.03682310630877813, 0.03737086835114852, 0.03697197048031554, 0.03374649323138994, 0.036128239198164505, 0.038688072405363386, 0.0406756693003129, 0.03810406986035799, 0.035287526746590935, 0.03328018635511398, 0.03299498319625854, 0.04037945993830649, 0.03389059637010712, 0.0369357094168663, 0.037726695914017526, 0.03296660616042766, 0.037230177240057304, 0.03755487642790142, 0.03753797786751973, 0.03405001569301524, 0.03566699226697286, 0.03465238797295954, 0.03719249459886059, 0.03385729342699051, 0.03855743010838827, 0.03893578300873438, 0.033388315414895814, 0.03273679833663137], [0.0310592456739776, 0.03549076343069271, 0.04129134479321932, 0.038469996141350785, 0.03474092483520508, 0.03902537667233011, 0.037980468905701927, 0.03959007853085233, 0.039160644165193194, 0.038190809049104386, 0.034936625130322516, 0.03828710756803814, 0.03362955649693807, 0.033427963654200234, 0.031534423828125, 0.03960087058249484, 0.03633652765726306, 0.03603133807579676, 0.040052215676558645, 0.033329197700987474, 0.037254503795078824, 0.03975793436953896, 0.04058899830297096, 0.03283006079653476, 0.03845230986674627, 0.03994546968912341, 0.048405907817722596, 0.03168695171674093, 0.037317114571730294, 0.04027466227610906, 0.033247478154240825, 0.03439505978634483], [0.031003832817077637, 0.038527427887429994, 0.03703968650416324, 0.04036489776943041, 0.036820958058039345, 0.03744147394014442, 0.03564190134710195, 0.03286260182095557, 0.035507907771100904, 0.03955968555651213, 0.03536919914946264, 0.039818246741043894, 0.03816341360410055, 0.03362713009119034, 0.0323444938659668, 0.03887859355197864, 0.034029658307734224, 0.04001782089471817, 0.03816859596653988, 0.03351649578581465, 0.03605168468349582, 0.038039561321860864, 0.03827411612284552, 0.03418606900154276, 0.03675931443770727, 0.03684104103402993, 0.03832863040806092, 0.03047996014356613, 0.03429026156663895, 0.040848505993684135, 0.03275634074697689, 0.03394377106114438], [0.030271977794413665, 0.036683788104933134, 0.03741831528513055, 0.03851740256599758, 0.03427299112081528, 0.03660551102265068, 0.0366893398518465, 0.03512412739783218, 0.04095239350290009, 0.038336304614418434, 0.03660667672449229, 0.037605114987022, 0.03400912135839462, 0.0351192777355512, 0.033360233306884764, 0.03924599390351371, 0.03294595492254827, 0.038511551916599274, 0.04173440933227539, 0.03206202070763771, 0.03971177143055004, 0.039155154479177376, 0.03684331952911062, 0.035072065414266385, 0.037042381862799324, 0.03759063150464874, 0.041535062888233935, 0.0330541655421257, 0.035862624645233154, 0.03974834084510803, 0.03437804932496986, 0.0382565648932206], [0.03026527531292974, 0.038746459143502374, 0.04118352689241108, 0.042591944984767746, 0.036424574752648674, 0.03569152562514595, 0.036547478364438425, 0.034583966756604384, 0.036450720796681414, 0.040383976384213094, 0.037633562574581225, 0.042126685694644325, 0.033479241033395134, 0.03700519601504008, 0.03224600553512573, 0.04115374972311298, 0.03434426268351447, 0.03771586219469706, 0.04167374058773643, 0.03215823021340877, 0.03908868674393538, 0.0423952905755294, 0.040468179073530376, 0.03581105901839885, 0.03770785282055537, 0.038370311874704265, 0.04204104118740436, 0.031972537438074745, 0.03644397606452306, 0.03910239785909653, 0.03251018816111039, 