{"test_losses": [0.020316866946220397], "test_acc": [0.2805], "local_test_losses": [[0.020316866946220397, 0.020316866946220397, 0.020316866946220397, 0.020316866946220397]], "local_test_acc": [[0.2805, 0.2805, 0.2805, 0.2805]]}