{"test_losses": [0.22716963911056517, 0.2252589610815048, 0.2172300843000412, 0.21715931284427642, 0.21009886479377746, 0.2118065277338028, 0.20756464779376985, 0.2034023357629776, 0.20097868633270263, 0.19813921332359313, 0.19452210545539855], "test_accs": [0.141, 0.176, 0.179, 0.189, 0.216, 0.197, 0.227, 0.248, 0.242, 0.269, 0.29], "local_test_losses": [[0.22716963911056517], [0.2252589610815048], [0.2172300843000412], [0.21715931284427642], [0.21009886479377746], [0.2118065277338028], [0.20756464779376985], [0.2034023357629776], [0.20097868633270263], [0.19813921332359313], [0.19452210545539855]], "local_test_accs": [[0.141], [0.176], [0.179], [0.189], [0.216], [0.197], [0.227], [0.248], [0.242], [0.269], [0.29]], "global_test_losses": [0.22716963911056517, 0.2252589610815048, 0.2172300843000412, 0.21715931284427642, 0.21009886479377746, 0.2118065277338028, 0.20756464779376985, 0.2034023357629776, 0.20097868633270263, 0.19813921332359313, 0.19452210545539855], "global_test_accs": [0.141, 0.176, 0.179, 0.189, 0.216, 0.197, 0.227, 0.248, 0.242, 0.269, 0.29]}