{"test_losses": [0.023046261429786684, 0.023028452992439268, 0.023005076885223387, 0.022957476854324338, 0.022839051246643066, 0.02248968756198883, 0.022001686930656433, 0.021665363430976865, 0.021369198739528656, 0.021085701823234555, 0.02080595779418945, 0.020585300385951993, 0.020394616305828096, 0.020256242752075194, 0.020122053503990173, 0.020035801112651824, 0.019895420908927916, 0.019747791409492493, 0.019652757704257964, 0.019528370201587677, 0.01940549635887146, 0.019289245665073396, 0.019201597929000853, 0.019110031843185424, 0.019034398317337036, 0.018964574754238128, 0.01890246993303299, 0.018897035539150238, 0.01878604120016098, 0.01872862136363983, 0.01868980818986893, 0.018621264278888702, 0.018644418478012084, 0.018542599260807036, 0.018547285974025725, 0.01847846847772598, 0.018402279555797575, 0.018372388303279877, 0.018326490700244905, 0.0182851083278656, 0.01824658679962158, 0.018260065972805023, 0.0181566259264946, 0.018174129366874694, 0.018128490328788757, 0.018095004200935363, 0.018082437455654143, 0.018069368481636046, 0.018073560774326324, 0.018050714194774626, 0.01805253791809082, 0.017971877992153166, 0.01799998301267624, 0.01799678248167038, 0.017932081520557402, 0.01795289099216461, 0.017943928718566895, 0.017942027032375334, 0.01789447510242462, 0.017889887154102325, 0.017920491635799406, 0.017832038342952727, 0.017847488701343537, 0.017859428584575652, 0.017865997433662413, 0.01784322816133499, 0.017860094845294952, 0.01782742667198181, 0.017772212982177734, 0.017800599962472914, 0.017764584094285964], "test_accs": [0.098, 0.118, 0.134, 0.1375, 0.138, 0.1535, 0.17049999999999998, 0.177, 0.1865, 0.198, 0.21200000000000002, 0.22449999999999998, 0.22599999999999998, 0.22899999999999998, 0.23099999999999998, 0.23199999999999998, 0.2365, 0.236, 0.244, 0.25, 0.2565, 0.2605, 0.265, 0.2705, 0.2745, 0.274, 0.276, 0.278, 0.284, 0.2865, 0.284, 0.292, 0.287, 0.2935, 0.2885, 0.2935, 0.296, 0.297, 0.305, 0.306, 0.305, 0.3065, 0.3095, 0.3105, 0.3085, 0.309, 0.3145, 0.3155, 0.3185, 0.318, 0.3175, 0.3225, 0.32, 0.3195, 0.319, 0.3235, 0.325, 0.3255, 0.326, 0.32899999999999996, 0.32899999999999996, 0.33149999999999996, 0.32749999999999996, 0.32699999999999996, 0.32799999999999996, 0.32849999999999996, 0.33049999999999996, 0.325, 0.33099999999999996, 0.32799999999999996, 0.33349999999999996], "local_test_losses": [[0.023012746334075927, 0.023079776525497437], [0.02297712993621826, 0.023079776048660277], [0.0229303777217865, 0.023079776048660277], [0.022835177659988402, 0.023079776048660277], [0.022598326444625855, 0.023079776048660277], [0.021899599075317383, 0.023079776048660277], [0.020923597812652586, 0.023079776048660277], [0.020250950813293457, 0.023079776048660277], [0.019658621430397035, 0.023079776048660277], [0.019091627597808837, 0.023079776048660277], [0.018532139539718627, 0.023079776048660277], [0.018090824723243713, 0.023079776048660277], [0.017709456562995912, 0.023079776048660277], [0.017432709455490112, 0.023079776048660277], [0.01716433095932007, 0.023079776048660277], [0.01699182617664337, 0.023079776048660277], [0.016711065769195555, 0.023079776048660277], [0.01641580677032471, 0.023079776048660277], [0.01622573935985565, 0.023079776048660277], [0.015976964354515077, 0.023079776048660277], [0.015731216669082643, 0.023079776048660277], [0.015498715281486511, 0.023079776048660277], [0.01532341980934143, 0.023079776048660277], [0.01514028763771057, 0.023079776048660277], [0.014989020586013794, 0.023079776048660277], [0.01484937345981598, 0.023079776048660277], [0.0147251638174057, 0.023079776048660277], [0.014714295029640197, 0.023079776048660277], [0.014492306351661682, 0.023079776048660277], [0.014377466678619385, 0.023079776048660277], [0.014299840331077576, 0.023079776048660277], [0.014162752509117126, 0.023079776048660277], [0.014209060907363891, 0.023079776048660277], [0.014005422472953796, 0.023079776048660277], [0.014014795899391174, 0.023079776048660277], [0.013877160906791686, 0.023079776048660277], [0.013724783062934875, 0.023079776048660277], [0.013665000557899475, 0.023079776048660277], [0.013573205351829529, 0.023079776048660277], [0.013490440607070922, 0.023079776048660277], [0.013413397550582885, 0.023079776048660277], [0.013440355896949767, 0.023079776048660277], [0.01323347580432892, 0.023079776048660277], [0.013268482685089112, 0.023079776048660277], [0.013177204608917236, 0.023079776048660277], [0.01311023235321045, 0.023079776048660277], [0.01308509886264801, 0.023079776048660277], [0.013058960914611817, 0.023079776048660277], [0.013067345499992371, 0.023079776048660277], [0.013021652340888977, 0.023079776048660277], [0.013025299787521363, 0.023079776048660277], [0.012863979935646057, 0.023079776048660277], [0.0129201899766922, 0.023079776048660277], [0.012913788914680481, 0.023079776048660277], [0.012784386992454528, 0.023079776048660277], [0.012826005935668945, 0.023079776048660277], [0.012808081388473511, 0.023079776048660277], [0.012804278016090393, 0.023079776048660277], [0.012709174156188965, 0.023079776048660277], [0.012699998259544373, 0.023079776048660277], [0.012761207222938538, 0.023079776048660277], [0.012584300637245178, 0.023079776048660277], [0.012615201354026795, 0.023079776048660277], [0.012639081120491029, 0.023079776048660277], [0.012652218818664551, 0.023079776048660277], [0.012606680274009704, 0.023079776048660277], [0.012640413641929627, 0.023079776048660277], [0.012575077295303345, 0.023079776048660277], [0.012464649915695191, 0.023079776048660277], [0.012521423876285553, 0.023079776048660277], [0.012449392139911652, 0.023079776048660277]], "local_test_accs": [[0.106, 0.09], [0.146, 0.09], [0.178, 0.09], [0.185, 0.09], [0.186, 0.09], [0.217, 0.09], [0.251, 0.09], [0.264, 0.09], [0.283, 0.09], [0.306, 0.09], [0.334, 0.09], [0.359, 0.09], [0.362, 0.09], [0.368, 0.09], [0.372, 0.09], [0.374, 0.09], [0.383, 0.09], [0.382, 0.09], [0.398, 0.09], [0.41, 0.09], [0.423, 0.09], [0.431, 0.09], [0.44, 0.09], [0.451, 0.09], [0.459, 0.09], [0.458, 0.09], [0.462, 0.09], [0.466, 0.09], [0.478, 0.09], [0.483, 0.09], [0.478, 0.09], [0.494, 0.09], [0.484, 0.09], [0.497, 0.09], [0.487, 0.09], [0.497, 0.09], [0.502, 0.09], [0.504, 0.09], [0.52, 0.09], [0.522, 0.09], [0.52, 0.09], [0.523, 0.09], [0.529, 0.09], [0.531, 0.09], [0.527, 0.09], [0.528, 0.09], [0.539, 0.09], [0.541, 0.09], [0.547, 0.09], [0.546, 0.09], [0.545, 0.09], [0.555, 0.09], [0.55, 0.09], [0.549, 0.09], [0.548, 0.09], [0.557, 0.09], [0.56, 0.09], [0.561, 0.09], [0.562, 0.09], [0.568, 0.09], [0.568, 0.09], [0.573, 0.09], [0.565, 0.09], [0.564, 0.09], [0.566, 0.09], [0.567, 0.09], [0.571, 0.09], [0.56, 0.09], [0.572, 0.09], [0.566, 0.09], [0.577, 0.09]],