{"test_losses": [0.22805805447101593, 0.21674700400829314, 0.2051694998502731, 0.19652619998902082, 0.19334494905248284, 0.19150146145410835, 0.19053372516054662, 0.18984701655600217, 0.18910491402689367, 0.188999762979988, 0.18860934243761002, 0.18901362440562805, 0.1881606906097848, 0.18872861522813328, 0.18793277692764532, 0.18862059023580513, 0.1876285527142929, 0.18807845588941124, 0.18810052102901972, 0.1884165588294156, 0.18773324244590475, 0.18795289161918918, 0.1877935483769979, 0.1881138905600761, 0.18758602095691018, 0.18785277475287437, 0.1875487072249525, 0.18770912239215978, 0.1878468592261823, 0.1884526763081929, 0.1879181762496766, 0.18792659074569235, 0.18771893157849479, 0.18774279337817643, 0.1878064651383109, 0.18786531269971968, 0.18785622356994244, 0.1876402354415739, 0.18785848286217915, 0.18761664058134248, 0.18782363495509374, 0.18783844677116018, 0.18797654169036376, 0.18798869340793609, 0.1878297157072335, 0.18844209798012718, 0.18786758489316963, 0.1877983914700953, 0.18807362658700694, 0.18735328285681288, 0.18752943247065068], "test_accs": [0.13599999999999998, 0.2052, 0.23200000000000004, 0.25100000000000006, 0.27, 0.27220000000000005, 0.27460000000000007, 0.27460000000000007, 0.27880000000000005, 0.2768, 0.27940000000000004, 0.27860000000000007, 0.28179999999999994, 0.2782, 0.2814, 0.2792, 0.28300000000000003, 0.2808, 0.28099999999999997, 0.27999999999999997, 0.28259999999999996, 0.2812, 0.28159999999999996, 0.2798, 0.28200000000000003, 0.28159999999999996, 0.2832, 0.2834, 0.28259999999999996, 0.28040000000000004, 0.28280000000000005, 0.28200000000000003, 0.28419999999999995, 0.2834, 0.2836, 0.2834, 0.284, 0.2838, 0.2836, 0.28440000000000004, 0.2838, 0.284, 0.2838, 0.28280000000000005, 0.2836, 0.2814, 0.2848, 0.2836, 0.2838, 0.2848, 0.2846], "local_test_losses": [[0.21844956266880036, 0.23006669187545775, 0.2307466821670532, 0.23031280398368836, 0.23071453166007996], [0.16189427196979522, 0.23006669187545775, 0.2307466871738434, 0.23031281065940856, 0.23071455836296081], [0.10400675737857819, 0.23006670331954956, 0.2307466826438904, 0.23031281852722169, 0.23071453738212586], [0.06079026236385107, 0.23006670165061952, 0.23074668908119203, 0.23031280493736267, 0.23071454191207885], [0.044884010780602696, 0.23006670022010803, 0.2307466847896576, 0.23031280589103698, 0.2307145435810089], [0.03566657278873026, 0.23006670022010803, 0.2307466847896576, 0.23031280589103698, 0.2307145435810089], [0.03082789132092148, 0.23006670022010803, 0.2307466847896576, 0.23031280589103698, 0.2307145435810089], [0.027394348298199474, 0.23006670022010803, 0.2307466847896576, 0.23031280589103698, 0.2307145435810089], [0.023683835652656852, 0.23006670022010803, 0.2307466847896576, 0.23031280589103698, 0.2307145435810089], [0.02315808041812852, 0.23006670022010803, 0.2307466847896576, 0.23031280589103698, 0.2307145435810089], [0.021205977706238627, 0.23006670022010803, 0.2307466847896576, 0.23031280589103698, 0.2307145435810089], [0.023227387546328828, 0.23006670022010803, 0.2307466847896576, 0.23031280589103698, 0.2307145435810089], [0.01896271856711246, 0.23006670022010803, 0.2307466847896576, 0.23031280589103698, 0.2307145435810089], [0.021802341658854855, 0.23006670022010803, 0.2307466847896576, 0.23031280589103698, 0.2307145435810089], [0.017823150156415068, 0.23006670022010803, 0.2307466847896576, 0.23031280589103698, 0.2307145435810089], [0.021262216697214172, 0.23006670022010803, 0.2307466847896576, 0.23031280589103698, 0.2307145435810089], [0.016302029089652934, 0.23006670022010803, 0.2307466847896576, 0.23031280589103698, 0.2307145435810089], [0.018551544965244828, 0.23006670022010803, 0.2307466847896576, 0.23031280589103698, 0.2307145435810089], [0.018661870663287117, 0.23006670022010803, 0.2307466847896576, 0.23031280589103698, 0.2307145435810089], [0.020242059665266425, 0.23006670022010803, 0.2307466847896576, 0.23031280589103698, 0.2307145435810089], [0.016825477747712283, 0.23006670022010803, 0.2307466847896576, 0.23031280589103698, 0.2307145435810089], [0.01792372361413436, 0.23006670022010803, 0.2307466847896576, 0.23031280589103698, 0.2307145435810089], [0.01712700740317814, 0.23006670022010803, 0.2307466847896576, 0.23031280589103698, 0.2307145435810089], [0.01872871831856901, 0.23006670022010803, 0.2307466847896576, 0.23031280589103698, 0.2307145435810089], [0.016089370302739554, 0.23006670022010803, 0.2307466847896576, 0.23031280589103698, 0.2307145435810089], [0.01742313928256044, 0.23006670022010803, 0.2307466847896576, 0.23031280589103698, 0.2307145435810089], [0.01590280164295109, 0.23006670022010803, 0.2307466847896576, 0.23031280589103698, 0.2307145435810089], [0.01670487747898733, 0.23006670022010803, 0.2307466847896576, 0.23031280589103698, 0.2307145435810089], [0.017393561649099866, 0.23006670022010803, 0.2307466847896576, 0.23031280589103698, 0.2307145435810089], [0.020422647059152952, 0.23006670022010803, 0.2307466847896576, 0.23031280589103698, 0.2307145435810089], [0.01775014676657156, 0.23006670022010803, 0.2307466847896576, 0.23031280589103698, 0.2307145435810089], [0.017792219246650347, 0.23006670022010803, 0.2307466847896576, 0.23031280589103698, 0.2307145435810089], [0.016753923410662536, 0.23006670022010803, 0.2307466847896576, 0.23031280589103698, 0.2307145435810089], [0.016873232409070623, 0.23006670022010803, 0.2307466847896576, 0.23031280589103698, 0.2307145435810089], [0.01719159120974291, 0.23006670022010803, 0.2307466847896576, 0.23031280589103698, 0.2307145435810089], [0.017485829016786737, 0.23006670022010803, 0.2307466847896576, 0.23031280589103698, 0.2307145435810089], [0.01744038336790072, 0.23006670022010803, 0.2307466847896576, 0.23031280589103698, 0.2307145435810089], [0.016360442726057953, 0.23006670022010803, 0.2307466847896576, 0.23031280589103698, 0.2307145435810089], [0.01745167982908424, 0.23006670022010803, 0.2307466847896576, 0.23031280589103698, 0.2307145435810089], [0.016242468424900836, 0.23006670022010803, 0.2307466847896576, 0.23031280589103698, 0.2307145435810089], [0.017277440293657038, 0.23006670022010803, 0.2307466847896576, 0.23031280589103698, 0.2307145435810089], [0.017351499373989554, 0.23006670022010803, 0.2307466847896576, 0.23031280589103698, 0.2307145435810089], [0.018041973970007348, 0.23006670022010803, 0.2307466847896576, 0.23031280589103698, 0.2307145435810089], [0.018102732557868876, 0.23006670022010803, 0.2307466847896576, 0.23031280589103698, 0.2307145435810089], [0.017307844054355884, 0.23006670022010803, 0.2307466847896576, 0.23031280589103698, 0.2307145435810089], [0.020369755418824298, 0.23006670022010803, 0.2307466847896576, 0.23031280589103698, 0.2307145435810089], [0.017497189984036595, 0.23006670022010803, 0.2307466847896576, 0.23031280589103698, 0.2307145435810089], [0.01715122286866517, 0.23006670022010803, 0.2307466847896576, 0.23031280589103698, 0.2307145435810089], [0.018527398453223213, 0.23006670022010803, 0.2307466847896576, 0.23031280589103698, 0.2307145435810089], [0.014925679802252944, 0.23006670022010803, 0.2307466847896576, 0.23031280589103698, 0.2307145435810089], [0.015806427871441882, 0.23006670022010803, 0.2307466847896576, 0.23031280589103698, 0.2307145435810089]],