{"test_losses": [0.046153710842132566], "test_accs": [0.012], "local_test_losses": [[0.046153710842132566]], "local_test_accs": [[0.012]], "global_test_losses": [0.046153710842132566], "global_test_accs": [0.012]}