{"test_losses": [0.23046123733520507], "test_accs": [0.0982], "local_test_losses": [[0.22901161408424378, 0.23059239387512206, 0.2311572449207306, 0.2304893424510956, 0.23105559134483336]], "local_test_accs": [[0.1, 0.09, 0.092, 0.118, 0.091]], "global_test_losses": [0.23020354509353638], "global_test_accs": [0.1]}