{"test_losses": [0.02169331499525496], "test_acc": [0.2002002002002002], "local_test_losses": [[0.02169331499525496]], "local_test_acc": [[0.2002002002002002]]}