{"test_losses": [0.23030395741462711], "test_accs": [0.10379999999999998], "local_test_losses": [[0.2289707157611847, 0.2304339315891266, 0.23099394989013672, 0.23044050002098085, 0.23068068981170653]], "local_test_accs": [[0.127, 0.108, 0.092, 0.109, 0.083]], "global_test_losses": [0.2298752348423004], "global_test_accs": [0.101]}