{"test_losses": [0.023069044694468542, 0.022511960747841005, 0.021358967661783024, 0.018433394901357494, 0.015078814193367719, 0.014934198040250425, 0.014031231947862231, 0.014925339128952605, 0.014873990183216973, 0.013259414591939302, 0.013785990139594424], "test_acc": [0.12884334334334335, 0.22291091091091092, 0.27371746746746745, 0.3607745245245245, 0.45709009009009005, 0.46635735735735734, 0.5001176176176176, 0.5103856356356357, 0.5016268768768769, 0.5471566566566566, 0.5441581581581582], "local_test_losses": [[0.022792582755332236, 0.022986908813377283, 0.023200189625775372, 0.02329649758338928], [0.02447514532803296, 0.021880698514294934, 0.022995066356372548, 0.020696932792663575], [0.018842284863178915, 0.021492544356528465, 0.022295645049384406, 0.022805396378040313], [0.01800202655123996, 0.018135676811168622, 0.01822331180801621, 0.019372564435005186], [0.014172763676495405, 0.016591562642468825, 0.014558686985745205, 0.014992243468761443], [0.01450024334876029, 0.015933956768180994, 0.013550465290730184, 0.01575212675333023], [0.014069959924027726, 0.014360127357152608, 0.01411582984485187, 0.013579010665416717], [0.017289312811823818, 0.013486677700573498, 0.014210183520216841, 0.01471518248319626], [0.016687073865094344, 0.013870055849726374, 0.013491259651021796, 0.015447571367025376], [0.014009836617413465, 0.013589215111565424, 0.012618173230756391, 0.012820433408021926], [0.0140354614835363, 0.014217970697013466, 0.012749460276898678, 0.01414106810092926]], "local_test_acc": [[0.14014014014014015, 0.12312312312312312, 0.11011011011011011, 0.142], [0.1981981981981982, 0.2602602602602603, 0.18518518518518517, 0.248], [0.3283283283283283, 0.24624624624624625, 0.2952952952952953, 0.225], [0.37537537537537535, 0.36936936936936937, 0.3533533533533533, 0.345], [0.47347347347347346, 0.4194194194194194, 0.4674674674674675, 0.468], [0.4844844844844845, 0.42042042042042044, 0.5245245245245245, 0.436], [0.5085085085085085, 0.4754754754754755, 0.4864864864864865, 0.53], [0.5045045045045045, 0.5265265265265265, 0.5115115115115115, 0.499], [0.47347347347347346, 0.4984984984984985, 0.5355355355355356, 0.499], [0.5145145145145145, 0.5395395395395396, 0.5725725725725725, 0.562], [0.5335335335335335, 0.5235235235235235, 0.5755755755755756, 0.544]]}