{"test_losses": [0.022997353553771974], "test_accs": [0.097], "local_test_losses": [[0.022997353553771974]], "local_test_accs": [[0.097]], "global_test_losses": [0.022997353553771974], "global_test_accs": [0.097]}