{"test_losses": [0.022874534130096436, 0.022581884860992434, 0.02220650553703308, 0.02174581050872803, 0.02143333077430725, 0.022136015892028807, 0.02211599111557007, 0.021312116384506224, 0.020831798315048215, 0.020558089017868042, 0.020305477380752564, 0.01974009931087494, 0.019237325191497803, 0.019282316565513612, 0.018880071043968202, 0.018568270206451416, 0.018490843176841736, 0.018428156375885008, 0.01818216383457184, 0.018087528944015503, 0.017705291509628296], "test_accs": [0.155, 0.22, 0.22999999999999998, 0.22999999999999998, 0.22999999999999998, 0.22999999999999998, 0.22999999999999998, 0.265, 0.285, 0.305, 0.275, 0.29500000000000004, 0.28, 0.29500000000000004, 0.32, 0.315, 0.31000000000000005, 0.32, 0.36, 0.35, 0.385], "local_test_losses": [[0.0231533145904541, 0.02259575366973877], [0.022842845916748046, 0.022320923805236818], [0.022473201751708985, 0.021939809322357177], [0.02202855110168457, 0.021463069915771484], [0.02175121784210205, 0.02111544370651245], [0.022430849075317384, 0.021841182708740234], [0.022539606094360353, 0.021692376136779785], [0.02192504644393921, 0.02069918632507324], [0.021428587436676024, 0.02023500919342041], [0.02093505620956421, 0.020181121826171874], [0.020261332988739014, 0.020349621772766113], [0.019587068557739257, 0.01989313006401062], [0.019218825101852417, 0.01925582528114319], [0.01915218472480774, 0.019412448406219484], [0.01872557520866394, 0.01903456687927246], [0.018610936403274537, 0.018525604009628296], [0.018601443767547608, 0.018380242586135864], [0.018512470722198485, 0.018343842029571532], [0.018522279262542726, 0.017842048406600954], [0.01794086575508118, 0.018234192132949828], [0.01822882652282715, 0.017181756496429442]], "local_test_accs": [[0.07, 0.24], [0.2, 0.24], [0.29, 0.17], [0.29, 0.17], [0.29, 0.17], [0.29, 0.17], [0.29, 0.17], [0.33, 0.2], [0.36, 0.21], [0.36, 0.25], [0.32, 0.23], [0.33, 0.26], [0.32, 0.24], [0.32, 0.27], [0.36, 0.28], [0.35, 0.28], [0.34, 0.28], [0.36, 0.28], [0.37, 0.35], [0.37, 0.33], [0.37, 0.4]], "global_test_losses": [0.023022499084472656, 0.023013348817825317, 0.023016184091567995, 0.023059482097625733, 0.02327051329612732, 0.023805314540863036, 0.023872633695602417, 0.023476294994354246, 0.023162944316864012, 0.022960901021957397, 0.022698861360549927, 0.022372211456298828, 0.02210356068611145, 0.021969215869903566, 0.02172011399269104, 0.021489285469055177, 0.021191120862960815, 0.021138532161712645, 0.020777801513671874, 0.020729302048683167, 0.020372159838676452], "global_test_accs": [0.106, 0.108, 0.1, 0.099, 0.099, 0.099, 0.099, 0.126, 0.135, 0.149, 0.162, 0.165, 0.165, 0.175, 0.181, 0.183, 0.213, 0.207, 0.226, 0.224, 0.242]}