{"test_losses": [0.22824549531936644, 0.2189852064847946, 0.20947941780090332, 0.2021296615600586, 0.19726757311820983, 0.19362855494022368, 0.18851396405696869, 0.18443725967407226, 0.18019362592697144, 0.17743123543262482, 0.1734785715341568], "test_accs": [0.127, 0.205, 0.274, 0.289, 0.304, 0.322, 0.331, 0.342, 0.348, 0.371, 0.386], "local_test_losses": [[0.22824549531936644], [0.2189852064847946], [0.20947941780090332], [0.2021296615600586], [0.19726757311820983], [0.19362855494022368], [0.18851396405696869], [0.18443725967407226], [0.18019362592697144], [0.17743123543262482], [0.1734785715341568]], "local_test_accs": [[0.127], [0.205], [0.274], [0.289], [0.304], [0.322], [0.331], [0.342], [0.348], [0.371], [0.386]], "global_test_losses": [0.22824549531936644, 0.2189852064847946, 0.20947941780090332, 0.2021296615600586, 0.19726757311820983, 0.19362855494022368, 0.18851396405696869, 0.18443725967407226, 0.18019362592697144, 0.17743123543262482, 0.1734785715341568], "global_test_accs": [0.127, 0.205, 0.274, 0.289, 0.304, 0.322, 0.331, 0.342, 0.348, 0.371, 0.386]}