{"test_losses": [0.22535266184806824, 0.2186597358584404, 0.21625657057762146, 0.21329221045970914, 0.21073916447162627, 0.2081011267900467, 0.20616169494390488, 0.20460863113403321, 0.20335958236455917, 0.2022131712436676, 0.20157600402832032], "test_accs": [0.1415, 0.17300000000000001, 0.17800000000000002, 0.1865, 0.1985, 0.20350000000000001, 0.211, 0.20900000000000002, 0.222, 0.2285, 0.227], "local_test_losses": [[0.22022208309173583, 0.23048324060440065], [0.20683623206615448, 0.2304832396507263], [0.20202990174293517, 0.23048323941230775], [0.19610118198394774, 0.23048323893547057], [0.19099509024620057, 0.230483238697052], [0.18571901488304138, 0.230483238697052], [0.18184015119075775, 0.230483238697052], [0.1787340235710144, 0.230483238697052], [0.17623592603206634, 0.230483238697052], [0.17394310379028322, 0.230483238697052], [0.17266876935958864, 0.230483238697052]], "local_test_accs": [[0.207, 0.076], [0.27, 0.076], [0.28, 0.076], [0.297, 0.076], [0.321, 0.076], [0.331, 0.076], [0.346, 0.076], [0.342, 0.076], [0.368, 0.076], [0.381, 0.076], [0.378, 0.076]], "global_test_losses": [0.22461356496810914, 0.21446521198749544, 0.21082711684703828, 0.20553507685661315, 0.20057633674144745, 0.19749917340278625, 0.19510075163841248, 0.19052064955234527, 0.18849763464927674, 0.18752672863006592, 0.1841701010465622], "global_test_accs": [0.208, 0.273, 0.283, 0.304, 0.323, 0.335, 0.344, 0.351, 0.368, 0.374, 0.375]}