{"test_losses": [0.21950110816955568, 0.1667768440246582, 0.1139511120915413, 0.07274705977737904, 0.05006423359364271, 0.03901598072052002, 0.034612913258373734, 0.028750708319246768, 0.029339869267307223, 0.026410489972680806, 0.028844210567651317, 0.026535710721276702, 0.026174872376490386, 0.02323784343432635, 0.02248651923588477, 0.02016959297284484, 0.021416126280790194, 0.020048850788734852, 0.022459798953612334, 0.02011645058298018, 0.022916706957970746, 0.020502955939271487, 0.019863016539951785, 0.019106930220965296, 0.02192248838400701, 0.01912393137719482, 0.01791676421253942, 0.017787899861636106, 0.018882562531420264, 0.018391402566063333, 0.01996665638007107, 0.01835200471646385, 0.019795439928158885, 0.018745437151475926, 0.020465612986678025, 0.01929802112697507, 0.01903692936711013, 0.018939945154466842, 0.020087417015820393, 0.018713927509146744, 0.01948461315883469, 0.0204796305572454, 0.02010166531932191, 0.023969838701057598, 0.01820953594569437, 0.01993488591358255, 0.01933530564401008, 0.019610259482880792, 0.019933813890973397, 0.02058907587116664, 0.02061066590876362, 0.021372217368136263, 0.021037071702072353, 0.021119034066843595, 0.020715728553821464, 0.021377328995647985, 0.021625853753082992, 0.021760152016940083, 0.02229990487966461, 0.021967948761957814, 0.022668247942017387, 0.022617543382154055, 0.023011637735187378, 0.023127711189600858, 0.023347637928138966, 0.02363576164302458, 0.023462525989326424, 0.024268920622941094, 0.024015385086864398, 0.024366240562812436, 0.02450362498718755, 0.024232975175918683, 0.02482056087565934, 0.024874269451787882, 0.025082117448367285, 0.0252885815729627, 0.02532115901151508, 0.02541100144067116, 0.025561131670857662, 0.02579312992515929, 0.025944100313323247, 0.026157185979353813, 0.025979538321417976, 0.02614514081113191, 0.02638061811672145, 0.026332606475319553, 0.026564076095989323, 0.026803314073672594, 0.026689829863197474, 0.026900496343663007, 0.02695051369006342, 0.027031772519037475, 0.027248855635822793, 0.02733312164061482, 0.027486807906574144, 0.027589688757535497, 0.027655809454180884, 0.027864690429703673, 0.02780562957908839, 0.027883058054202152, 0.028051498189653613, 0.027979288371329476, 0.028150474655719862, 0.028243379017374066, 0.02833652634319388, 0.028413659574548646, 0.02848709748771033, 0.028615439751585512, 0.028682944158877163, 0.028781908102357093, 0.028862785255288657], "test_accs": [0.29, 0.5, 0.698, 0.81, 0.864, 0.886, 0.902, 0.915, 0.906, 0.916, 0.915, 0.916, 0.921, 0.929, 0.929, 0.931, 0.933, 0.938, 0.932, 0.941, 0.934, 0.932, 0.939, 0.943, 0.932, 0.936, 0.941, 0.941, 0.941, 0.944, 0.942, 0.942, 0.942, 0.943, 0.944, 0.945, 0.945, 0.949, 0.943, 0.944, 0.942, 0.941, 0.946, 0.938, 0.952, 0.95, 0.949, 0.953, 0.95, 0.952, 0.949, 0.947, 0.95, 0.953, 0.951, 0.952, 0.95, 0.952, 0.951, 0.952, 0.952, 0.951, 0.95, 0.951, 0.952, 0.95, 0.95, 0.95, 0.95, 0.952, 0.95, 0.95, 0.951, 0.951, 0.951, 0.951, 0.95, 0.951, 0.952, 0.951, 0.951, 0.95, 0.951, 0.952, 0.951, 0.952, 0.951, 0.951, 0.951, 0.951, 0.952, 0.952, 0.951, 0.951, 0.951, 0.951, 0.951, 0.951, 0.951, 0.951, 0.95, 0.952, 0.951, 0.952, 0.951, 0.952, 0.952, 0.951, 0.951, 0.951, 0.951], "local_test_losses": [[0.21950110816955568], [0.1667768440246582], [0.1139511120915413], [0.07274705977737904], [0.05006423359364271], [0.03901598072052002], [0.034612913258373734], [0.028750708319246768], [0.029339869267307223], [0.026410489972680806], [0.028844210567651317], [0.026535710721276702], [0.026174872376490386], [0.02323784343432635], [0.02248651923588477], [0.02016959297284484], [0.021416126280790194], [0.020048850788734852], [0.022459798953612334], [0.02011645058298018], [0.022916706957970746], [0.020502955939271487], [0.019863016539951785], [0.019106930220965296], [0.02192248838400701], [0.01912393137719482], [0.01791676421253942], [0.017787899861636106], [0.018882562531420264], [0.018391402566063333], [0.01996665638007107], [0.01835200471646385], [0.019795439928158885], [0.018745437151475926], [0.020465612986678025], [0.01929802112697507], [0.01903692936711013], [0.018939945154466842], [0.020087417015820393], [0.018713927509146744], [0.01948461315883469], [0.0204796305572454], [0.02010166531932191], [0.023969838701057598], [0.01820953594569437], [0.01993488591358255], [0.01933530564401008], [0.019610259482880792], [0.019933813890973397], [0.02058907587116664], [0.02061066590876362], [0.021372217368136263], [0.021037071702072353], [0.021119034066843595], [0.020715728553821464], [0.021377328995647985], [0.021625853753082992], [0.021760152016940083], [0.02229990487966461], [0.021967948761957814], [0.022668247942017387], [0.022617543382154055], [0.023011637735187378], [0.023127711189600858], [0.023347637928138966], [0.02363576164302458], [0.023462525989326424], [0.024268920622941094], [0.024015385086864398], [0.024366240562812436], [0.02450362498718755], [0.024232975175918683], [0.02482056087565934], [0.024874269451787882], [0.025082117448367285], [0.0252885815729627], [0.02532115901151508], [0.02541100144067116], [0.025561131670857662], [0.02579312992515929], [0.025944100313323247], [0.026157185979353813], [0.025979538321417976], [0.02614514081113191], [0.02638061811672145], [0.026332606475319553], [0.026564076095989323], [0.026803314073672594], [0.026689829863197474], [0.026900496343663007], [0.02695051369006342], [0.027031772519037475], [0.027248855635822793], [0.02733312164061482], [0.027486807906574144], [0.027589688757535497], [0.027655809454180884], [0.027864690429703673], [0.02780562957908839], [0.027883058054202152], [0.028051498189653613], [0.027979288371329476], [0.028150474655719862], [0.028243379017374066], [0.02833652634319388], [0.028413659574548646], [0.02848709748771033], [0.028615439751585512], [0.028682944158877163], [0.028781908102357093], [0.028862785255288657]], "local_test_accs": [[0.29], [0.5], [0.698], [0.81], [0.864], [0.886], [0.902], [0.915], [0.906], [0.916], [0.915], [0.916], [0.921], [0.929], [0.929], [0.931], [0.933], [0.938], [0.932], [0.941], [0.934], [0.932], [0.939], [0.943], [0.932], [0.936], [0.941], [0.941], [0.941], [0.944], [0.942], [0.942], [0.942], [0.943], [0.944], [0.945], [0.945], [0.949], [0.943], [0.944], [0.942], [0.941], [0.946], [0.938], [0.952], [0.95], [0.949], [0.953], [0.95], [0.952], [0.949], [0.947], [0.95], [0.953], [0.951], [0.952], [0.95], [0.952], [0.951], [0.952], [0.952], [0.951], [0.95], [0.951], [0.952], [0.95], [0.95], [0.95], [0.95], [0.952], [0.95], [0.95], [0.951], [0.951], [0.951], [0.951], [0.95], [0.951], [0.952], [0.951], [0.951], [0.95], [0.951], [0.952], [0.951], [0.952], [0.951], [0.951], [0.951], [0.951], [0.952], [0.952], [0.951], [0.951], [0.951], [0.951], [0.951], [0.951], [0.951], [0.951], [0.95], [0.952], [0.951], [0.952], [0.951], [0.952], [0.952], [0.951], [0.951], [0.951], [0.951]],