{"test_losses": [0.022994414965311686], "test_accs": [0.10666666666666667], "local_test_losses": [[0.02250697374343872, 0.023170113563537598, 0.02330615758895874]], "local_test_accs": [[0.15, 0.03, 0.14]], "global_test_losses": [0.023057912111282348], "global_test_accs": [0.095]}