{"test_losses": [0.2212899348139763, 0.18777682730555534, 0.16688127364218236, 0.1517515909448266, 0.143128180347383, 0.13810284456983207, 0.13473970719613135, 0.13354191259667278, 0.1327491163937375, 0.13245652209501713, 0.13253099621552974, 0.13176854274235666, 0.12982183070271275, 0.12943127732770518, 0.12804103072255385, 0.1289505462080706, 0.12911942505009938, 0.12923373184248338, 0.1253873413146939, 0.12678068821458147, 0.1259826737139374, 0.12700176146253944, 0.12565191242389845, 0.12661746362812118, 0.12502078760141738, 0.12660430949222062, 0.12551087162402108, 0.12591823791079515, 0.12544272712367818, 0.1259160708756899, 0.12500763639429352, 0.12481357737207144, 0.12458331987645214, 0.12459298945843693, 0.1252136125359102, 0.12489196004595941, 0.12520301722703153, 0.12466304361645597, 0.12489985236121537, 0.12481587196590771, 0.1248991485345432, 0.12499075628470017, 0.12530878046081578, 0.1251231342451738, 0.12566700927966756, 0.12500629039490924, 0.12575809832757295, 0.12519663947282605, 0.1258995175278701, 0.12605365912761954, 0.12678702912736206, 0.12553078563462985, 0.12523246623608064, 0.12463745483319508, 0.12499448212628886, 0.12479338736564385, 0.12534701929493303, 0.12498481419141035, 0.1253883797272017, 0.12550408143248024, 0.12535126559190962, 0.1254963018470529, 0.12560820255313263, 0.12569873859291772, 0.1259112120009413, 0.12597641368226584, 0.12610473238599706, 0.12624813652762815, 0.12628119212321018, 0.12634201115596624, 0.12654419294326016, 0.1265791010492639, 0.12666366059321008, 0.1268384616447581, 0.12680823661723795, 0.12693783404113407, 0.12695299634518886, 0.1270572646013589, 0.12710867151677038, 0.12723402198171263, 0.1272406257986421, 0.12726190135168997, 0.1273890212459812, 0.12748105799894177, 0.12752909348999172, 0.1276193022763158, 0.1276043592442428, 0.12767407380300158, 0.12775437012311458, 0.12778899413690015, 0.12787047285374745], "test_accs": [0.1315, 0.30800000000000005, 0.37749999999999995, 0.4425, 0.4565, 0.473, 0.479, 0.48, 0.479, 0.484, 0.479, 0.48450000000000004, 0.486, 0.49250000000000005, 0.49250000000000005, 0.49050000000000005, 0.49050000000000005, 0.49250000000000005, 0.5025, 0.499, 0.499, 0.497, 0.5005000000000001, 0.49950000000000006, 0.5015, 0.5, 0.5015, 0.5015, 0.5035, 0.503, 0.5035, 0.5035, 0.5075, 0.5055, 0.504, 0.506, 0.504, 0.504, 0.506, 0.505, 0.5055, 0.504, 0.506, 0.5045, 0.5055, 0.505, 0.5065, 0.506, 0.5065, 0.506, 0.5055, 0.506, 0.506, 0.506, 0.508, 0.506, 0.507, 0.507, 0.5065, 0.507, 0.508, 0.5075, 0.5065, 0.5065, 0.507, 0.507, 0.506, 0.5055, 0.5065, 0.506, 0.506, 0.5065, 0.507, 0.506, 0.506, 0.506, 0.506, 0.506, 0.506, 0.5065, 0.506, 0.506, 0.506, 0.506, 0.506, 0.506, 0.5055, 0.506, 0.5055, 0.506, 0.506], "local_test_losses": [[0.21176861822605134, 0.23081125140190126], [0.14474240440130234, 0.23081125020980836], [0.10295129039883613, 0.23081125688552856], [0.0726919300109148, 0.2308112518787384], [0.055445108577609065, 0.23081125211715697], [0.04539443702250719, 0.23081125211715697], [0.038668162275105715, 0.23081125211715697], [0.036272573076188565, 0.23081125211715697], [0.03468698067031801, 0.23081125211715697], [0.034101792072877286, 0.23081125211715697], [0.034250740313902496, 0.23081125211715697], [0.032725833367556335, 0.23081125211715697], [0.028832409288268537, 0.23081125211715697], [0.028051302538253366, 0.23081125211715697], [0.0252708093279507, 0.23081125211715697], [0.0270898402989842, 0.23081125211715697], [0.027427597983041778, 0.23081125211715697], [0.027656211567809806, 0.23081125211715697], [0.019963430512230842, 0.23081125211715697], [0.02275012431200594, 0.23081125211715697], [0.02115409531071782, 0.23081125211715697], [0.023192270807921887, 0.23081125211715697], [0.02049257273063995, 0.23081125211715697], [0.02242367513908539, 0.23081125211715697], [0.01923032308567781, 0.23081125211715697], [0.02239736686728429, 0.23081125211715697], [0.020210491130885203, 0.23081125211715697], [0.021025223704433302, 0.23081125211715697], [0.02007420213019941, 0.23081125211715697], [0.02102088963422284, 0.23081125211715697], [0.019204020671430042, 0.23081125211715697], [0.018815902626985917, 0.23081125211715697], [0.01835538763574732, 0.23081125211715697], [0.01837472679971688, 0.23081125211715697], [0.019615972954663448, 0.23081125211715697], [0.01897266797476186, 0.23081125211715697], [0.019594782336906064, 0.23081125211715697], [0.018514835115754975, 0.23081125211715697], [0.01898845260527378, 0.23081125211715697], [0.018820491814658453, 0.23081125211715697], [0.01898704495192942, 0.23081125211715697], [0.019170260452243383, 0.23081125211715697], [0.01980630880447461, 0.23081125211715697], [0.019435016373190592, 0.23081125211715697], [0.02052276644217818, 0.23081125211715697], [0.019201328672661475, 0.23081125211715697], [0.020704944537988924, 0.23081125211715697], [0.019582026828495146, 0.23081125211715697], [0.02098778293858322, 0.23081125211715697], [0.021296066138082097, 0.23081125211715697], [0.02276280613756717, 0.23081125211715697], [0.020250319152102746, 0.23081125211715697], [0.019653680355004324, 0.23081125211715697], [0.018463657549233174, 0.23081125211715697], [0.019177712135420733, 0.23081125211715697], [0.01877552261413075, 0.23081125211715697], [0.019882786472709087, 0.23081125211715697], [0.019158376265663718, 0.23081125211715697], [0.019965507337246436, 0.23081125211715697], [0.020196910747803484, 0.23081125211715697], [0.019891279066662264, 0.23081125211715697], [0.02018135157694883, 0.23081125211715697], [0.020405152989108274, 0.23081125211715697], [0.02058622506867846, 0.23081125211715697], [0.021011171884725628, 0.23081125211715697], [0.021141575247374703, 0.23081125211715697], [0.021398212654837153, 0.23081125211715697], [0.02168502093809934, 0.23081125211715697], [0.021751132129263398, 0.23081125211715697], [0.02187277019477551, 0.23081125211715697], [0.02227713376936336, 0.23081125211715697], [0.02234694998137084, 0.23081125211715697], [0.02251606906926318, 0.23081125211715697], [0.022865671172359187, 0.23081125211715697], [0.022805221117318895, 0.23081125211715697], [0.02306441596511118, 0.23081125211715697], [0.023094740573220775, 0.23081125211715697], [0.023303277085560837, 0.23081125211715697], [0.023406090916383803, 0.23081125211715697], [0.02365679184626829, 0.23081125211715697], [0.023669999480127216, 0.23081125211715697], [0.02371255058622296, 0.23081125211715697], [0.023966790374805442, 0.23081125211715697], [0.024150863880726545, 0.23081125211715697], [0.024246934862826492, 0.23081125211715697], [0.02442735243547463, 0.23081125211715697], [0.02439746637132862, 0.23081125211715697], [0.0245368954888462, 0.23081125211715697], [0.02469748812907221, 0.23081125211715697], [0.02476673615664333, 0.23081125211715697], [0.024929693590337934, 0.23081125211715697]],