{"test_losses": [0.23090921223163605, 0.23068311774730682, 0.22748029947280884, 0.22576128488779068, 0.2247359310388565, 0.22247080671787262, 0.22166989159584044, 0.21904664152860642, 0.21870271950960157, 0.21614229518175126, 0.2151926190853119], "test_accs": [0.106, 0.10200000000000001, 0.1205, 0.123, 0.1285, 0.1435, 0.15, 0.1565, 0.1615, 0.1665, 0.173], "local_test_losses": [[0.23166826343536376, 0.23015016102790833], [0.2312160725593567, 0.23015016293525695], [0.22481043672561646, 0.23015016222000123], [0.22137240755558013, 0.23015016222000123], [0.21932170033454895, 0.23015016174316405], [0.21479145169258118, 0.23015016174316405], [0.21318962144851686, 0.23015016174316405], [0.20794312131404877, 0.23015016174316405], [0.20725527727603912, 0.23015016174316405], [0.20213442862033845, 0.23015016174316405], [0.20023507642745972, 0.23015016174316405]], "local_test_accs": [[0.107, 0.105], [0.099, 0.105], [0.136, 0.105], [0.141, 0.105], [0.152, 0.105], [0.182, 0.105], [0.195, 0.105], [0.208, 0.105], [0.218, 0.105], [0.228, 0.105], [0.241, 0.105]], "global_test_losses": [0.23034580850601197, 0.22913581037521363, 0.22377568101882936, 0.22215828585624695, 0.22094610905647277, 0.217910102725029, 0.21552519977092743, 0.2137616299390793, 0.21178353798389435, 0.20905241596698762, 0.2094001522064209], "global_test_accs": [0.114, 0.098, 0.14, 0.143, 0.156, 0.185, 0.196, 0.216, 0.224, 0.23, 0.239]}