{"test_losses": [0.22272528693675991, 0.19370287985950707, 0.19091299590626734, 0.19022337808116574, 0.18930408681125846, 0.1884677650546364, 0.18840733394862327, 0.18803969293066475, 0.18797523187054904, 0.187915068917381, 0.18772147550143634, 0.18784378846488545, 0.18787429888881668, 0.18787995066540608, 0.18785719097669207, 0.18791760449281864, 0.18806355744521133, 0.18808925847871905, 0.18818475722375094, 0.18822746296515783, 0.18836772563174914, 0.1883139857153914, 0.18822614898243623, 0.18831198494647491, 0.18845121921254943, 0.1885474151820869, 0.18862606628062753, 0.1886628318692382, 0.18871839475879434, 0.18874992723408157, 0.18881429849425654, 0.18884094756937006, 0.18889431182272945, 0.18893873808760323, 0.1889578297101556, 0.18900528216709372, 0.18904379658752912, 0.189066964135862, 0.18910755808326818, 0.18914596229957853, 0.1891760488983995, 0.1892071175120978, 0.1892304727044018, 0.1892587677503353, 0.18928189108700275, 0.18931069330442712, 0.18933460796463714, 0.18935485773999577, 0.18938228997436685, 0.18941070748306119, 0.18943331708249617, 0.18945511386843603, 0.18947580745771045, 0.18950342642486578, 0.18951891644579738, 0.18953683421285544, 0.18955637917002752, 0.18957451239785952, 0.18959451758809603, 0.18961265550360182, 0.18963147699459104, 0.18964717487944366, 0.18966541315353794, 0.18967619858988893, 0.18969454526488563, 0.18970738868407966, 0.1897268893005469, 0.18973948383141442, 0.18975767965321863, 0.1897674363863075, 0.18978471643705638, 0.18979877752309227, 0.1898114582911284, 0.18981876451031715, 0.18983260869332702, 0.18984610874518099, 0.1898578492979041, 0.18987116367436457, 0.18988266642460241, 0.18989256373449334, 0.1899040917758504], "test_accs": [0.1988, 0.23939999999999997, 0.2492, 0.2532, 0.2538, 0.2566, 0.2578, 0.259, 0.25939999999999996, 0.2592, 0.2596, 0.2596, 0.2586, 0.259, 0.25939999999999996, 0.26, 0.2596, 0.2598, 0.26, 0.2598, 0.2596, 0.2596, 0.2598, 0.2598, 0.2598, 0.2598, 0.25939999999999996, 0.2596, 0.25939999999999996, 0.2598, 0.25939999999999996, 0.2596, 0.25939999999999996, 0.25939999999999996, 0.2592, 0.2592, 0.2592, 0.25939999999999996, 0.25939999999999996, 0.25939999999999996, 0.25939999999999996, 0.25939999999999996, 0.2592, 0.2592, 0.2592, 0.2592, 0.2592, 0.2592, 0.2592, 0.2592, 0.25939999999999996, 0.25939999999999996, 0.25939999999999996, 0.2592, 0.2592, 0.2592, 0.2592, 0.2592, 0.2592, 0.2592, 0.2592, 0.2592, 0.2592, 0.2592, 0.2592, 0.2592, 0.2592, 0.2592, 0.2592, 0.2592, 0.2592, 0.2592, 0.2592, 0.2592, 0.2592, 0.2592, 0.2592, 0.2592, 0.2592, 0.2592, 0.2592], "local_test_losses": [[0.19144238817691803, 0.22997194957733155, 0.23077874326705933, 0.23082539343833924, 0.23060796022415161], [0.04633036328107119, 0.22997194862365722, 0.230778751373291, 0.2308253800868988, 0.23060795593261718], [0.03238095758156851, 0.2299719476699829, 0.2307787389755249, 0.23082538247108458, 0.23060795283317567], [0.028932854389364365, 0.22997195720672609, 0.23077874398231507, 0.23082538390159607, 0.23060795092582703], [0.024336392079363577, 0.22997195720672609, 0.23077874374389648, 0.23082538866996766, 0.2306079523563385], [0.0201547832962533, 0.22997195720672609, 0.23077874374389648, 0.23082538866996766, 0.2306079523563385], [0.019852627766187653, 0.22997195720672609, 0.23077874374389648, 0.23082538866996766, 0.2306079523563385], [0.018014422676395043, 0.22997195720672609, 0.23077874374389648, 0.23082538866996766, 0.2306079523563385], [0.01769211737581645, 0.22997195720672609, 0.23077874374389648, 0.23082538866996766, 0.2306079523563385], [0.017391302609976265, 0.22997195720672609, 0.23077874374389648, 0.23082538866996766, 0.2306079523563385], [0.0164233355302531, 0.22997195720672609, 0.23077874374389648, 0.23082538866996766, 0.2306079523563385], [0.01703490034749848, 0.22997195720672609, 0.23077874374389648, 0.23082538866996766, 0.2306079523563385], [0.0171874524671548, 0.22997195720672609, 0.23077874374389648, 0.23082538866996766, 0.2306079523563385], [0.01721571135010163, 0.22997195720672609, 0.23077874374389648, 0.23082538866996766, 0.2306079523563385], [0.017101912906531652, 0.22997195720672609, 0.23077874374389648, 0.23082538866996766, 0.2306079523563385], [0.017403980487164517, 0.22997195720672609, 0.23077874374389648, 0.23082538866996766, 0.2306079523563385], [0.018133745249127968, 0.22997195720672609, 0.23077874374389648, 0.23082538866996766, 0.2306079523563385], [0.018262250416666573, 0.22997195720672609, 0.23077874374389648, 0.23082538866996766, 0.2306079523563385], [0.018739744141826123, 0.22997195720672609, 0.23077874374389648, 0.23082538866996766, 0.2306079523563385], [0.01895327284886048, 0.22997195720672609, 0.23077874374389648, 0.23082538866996766, 0.2306079523563385], [0.019654586181816966, 0.22997195720672609, 0.23077874374389648, 0.23082538866996766, 0.2306079523563385], [0.019385886600028244, 0.22997195720672609, 0.23077874374389648, 0.23082538866996766, 0.2306079523563385], [0.01894670293525246, 0.22997195720672609, 0.23077874374389648, 0.23082538866996766, 0.2306079523563385], [0.0193758827554459, 0.22997195720672609, 0.23077874374389648, 0.23082538866996766, 0.2306079523563385], [0.02007205408581831, 0.22997195720672609, 0.23077874374389648, 0.23082538866996766, 0.2306079523563385], [0.02055303393350576, 0.22997195720672609, 0.23077874374389648, 0.23082538866996766, 0.2306079523563385], [0.02094628942620889, 0.22997195720672609, 0.23077874374389648, 0.23082538866996766, 0.2306079523563385], [0.02113011736926235, 0.22997195720672609, 0.23077874374389648, 0.23082538866996766, 0.2306079523563385], [0.021407931817043122, 0.22997195720672609, 0.23077874374389648, 0.23082538866996766, 0.2306079523563385], [0.02156559419347917, 0.22997195720672609, 0.23077874374389648, 0.23082538866996766, 0.2306079523563385], [0.021887450494354085, 0.22997195720672609, 0.23077874374389648, 0.23082538866996766, 0.2306079523563385], [0.02202069586992161, 0.22997195720672609, 0.23077874374389648, 0.23082538866996766, 0.2306079523563385], [0.022287517136718605, 0.22997195720672609, 0.23077874374389648, 0.23082538866996766, 0.2306079523563385], [0.022509648461087422, 0.22997195720672609, 0.23077874374389648, 0.23082538866996766, 0.2306079523563385], [0.02260510657384937, 0.22997195720672609, 0.23077874374389648, 0.23082538866996766, 0.2306079523563385], [0.02284236885854007, 0.22997195720672609, 0.23077874374389648, 0.23082538866996766, 0.2306079523563385], [0.023034940960716895, 0.22997195720672609, 0.23077874374389648, 0.23082538866996766, 0.2306079523563385], [0.02315077870238129, 0.22997195720672609, 0.23077874374389648, 0.23082538866996766, 0.2306079523563385], [0.02335374843941227, 0.22997195720672609, 0.23077874374389648, 0.23082538866996766, 0.2306079523563385], [0.023545769520963943, 0.22997195720672609, 0.23077874374389648, 0.23082538866996766, 0.2306079523563385], [0.023696202515068963, 0.22997195720672609, 0.23077874374389648, 0.23082538866996766, 0.2306079523563385], [0.023851545583560237, 0.22997195720672609, 0.23077874374389648, 0.23082538866996766, 0.2306079523563385], [0.02396832154508043, 0.22997195720672609, 0.23077874374389648, 0.23082538866996766, 0.2306079523563385], [0.024109796774747692, 0.22997195720672609, 0.23077874374389648, 0.23082538866996766, 0.2306079523563385], [0.024225413458085043, 0.22997195720672609, 0.23077874374389648, 0.23082538866996766, 0.2306079523563385], [0.02436942454520691, 0.22997195720672609, 0.23077874374389648, 0.23082538866996766, 0.2306079523563385], [0.02448899784625702, 0.22997195720672609, 0.23077874374389648, 0.23082538866996766, 0.2306079523563385], [0.0245902467230502, 0.22997195720672609, 0.23077874374389648, 0.23082538866996766, 0.2306079523563385], [0.024727407894905625, 0.22997195720672609, 0.23077874374389648, 0.23082538866996766, 0.2306079523563385], [0.024869495438377312, 0.22997195720672609, 0.23077874374389648, 0.23082538866996766, 0.2306079523563385], [0.024982543435552187, 0.22997195720672609, 0.23077874374389648, 0.23082538866996766, 