{"test_losses": [0.22879159920215608, 0.21753272943496701, 0.20674776148200036, 0.1981030237674713, 0.19413892078399658, 0.19171656143292784, 0.19123291378207505, 0.19073603852801027, 0.19039411565037442, 0.19023298737090083, 0.18964331744536755, 0.18925945963878185, 0.18918882872520482, 0.1891650700734928, 0.18876884318618106, 0.18951370421173053, 0.18897666869752575, 0.1895104726193007, 0.1888088689421769, 0.18903436902754475, 0.18841602487715425, 0.18872167037823234, 0.18850301202663683, 0.18935718439472254, 0.18886281964544907, 0.18898770965762085, 0.1883481182953343, 0.188447760255952, 0.18836849241858583, 0.18859903037699116, 0.1884547683832963, 0.18847215228916608, 0.18820568984275887, 0.18835646911804216, 0.1880433637877097, 0.1884615577953271, 0.188225784710492, 0.18840307354558608, 0.1884125365123833, 0.18870280969439443, 0.18857484704262423, 0.18887711462439002, 0.1886840117085023, 0.18893760397153544, 0.1888423279872044, 0.1890154515515629, 0.1888049557491999, 0.18931471705250796, 0.18874381170829074, 0.1888762316396551, 0.18870392952721593, 0.1889405931430419, 0.18875173296132597, 0.1887675687502699, 0.18887591855571592, 0.18890653430464152, 0.18903510190673814, 0.18898125456129442, 0.18908706643936074, 0.18902502784861874, 0.18910924797882203, 0.18904954709283964, 0.18917891235511058, 0.18904290771703264, 0.18931445570105435, 0.1891949080171785, 0.1894026179572789, 0.18929446878475348, 0.18933079852644888, 0.18931017135951494, 0.18939910228063345, 0.18935608968475717, 0.18941009687265314, 0.18945238598247097, 0.1894828037960635, 0.18939057920588068, 0.18953098379951658, 0.18946493432654754, 0.18956215923263722, 0.18955443642708797, 0.1895678799551781], "test_accs": [0.1222, 0.1712, 0.2102, 0.24219999999999997, 0.254, 0.2566, 0.2576, 0.2586, 0.259, 0.261, 0.26220000000000004, 0.26380000000000003, 0.2652, 0.2654, 0.2672, 0.2636, 0.2652, 0.2634, 0.2656, 0.2654, 0.26739999999999997, 0.26680000000000004, 0.2672, 0.2656, 0.267, 0.26660000000000006, 0.2678, 0.2678, 0.2672, 0.2676, 0.268, 0.2672, 0.2684, 0.2684, 0.268, 0.268, 0.2686, 0.2682, 0.26880000000000004, 0.268, 0.2684, 0.2686, 0.268, 0.2684, 0.26680000000000004, 0.2686, 0.26660000000000006, 0.2676, 0.26680000000000004, 0.2684, 0.2686, 0.2682, 0.2682, 0.2684, 0.268, 0.2684, 0.268, 0.2684, 0.2684, 0.2678, 0.2684, 0.268, 0.2682, 0.2684, 0.2678, 0.2686, 0.2684, 0.2686, 0.268, 0.268, 0.2682, 0.2682, 0.2684, 0.2682, 0.2684, 0.268, 0.2682, 0.2684, 0.2682, 0.2684, 0.2684], "local_test_losses": [[0.22131933557987213, 0.23053706645965577, 0.23082896280288695, 0.2304965410232544, 0.23077609014511108], [0.1650249707698822, 0.23053706216812134, 0.23082896757125854, 0.23049654603004455, 0.23077610063552856], [0.11110012742877007, 0.23053706645965577, 0.23082896327972413, 0.23049655151367188, 0.23077609872817992], [0.06787644028663635, 0.2305370705127716, 0.23082896375656128, 0.23049654912948608, 0.23077609515190126], [0.04805592918395996, 0.2305370705127716, 0.23082896399497985, 0.23049654865264893, 0.23077609157562257], [0.035944132428616285, 0.2305370705127716, 0.23082896399497985, 0.23049654865264893, 0.23077609157562257], [0.03352589417435229, 0.2305370705127716, 0.23082896399497985, 0.23049654865264893, 0.23077609157562257], [0.031041517904028298, 0.2305370705127716, 0.23082896399497985, 0.23049654865264893, 0.23077609157562257], [0.029331903515849262, 0.2305370705127716, 0.23082896399497985, 0.23049654865264893, 0.23077609157562257], [0.0285262621184811, 0.2305370705127716, 0.23082896399497985, 0.23049654865264893, 0.23077609157562257], [0.025577912490814925, 0.2305370705127716, 0.23082896399497985, 0.23049654865264893, 0.23077609157562257], [0.023658623457886278, 0.2305370705127716, 0.23082896399497985, 0.23049654865264893, 0.23077609157562257], [0.023305468890001065, 0.2305370705127716, 0.23082896399497985, 0.23049654865264893, 0.23077609157562257], [0.023186675631441177, 0.2305370705127716, 0.23082896399497985, 0.23049654865264893, 0.23077609157562257], [0.021205541194882244, 0.2305370705127716, 0.23082896399497985, 0.23049654865264893, 0.23077609157562257], [0.024929846322629602, 0.2305370705127716, 0.23082896399497985, 0.23049654865264893, 0.23077609157562257], [0.022244668751605787, 0.2305370705127716, 0.23082896399497985, 0.23049654865264893, 0.23077609157562257], [0.024913688360480593, 0.2305370705127716, 0.23082896399497985, 0.23049654865264893, 0.23077609157562257], [0.021405669974861666, 0.2305370705127716, 0.23082896399497985, 0.23049654865264893, 0.23077609157562257], [0.02253317040170077, 0.2305370705127716, 0.23082896399497985, 0.23049654865264893, 0.23077609157562257], [0.019441449649748394, 0.2305370705127716, 0.23082896399497985, 0.23049654865264893, 0.23077609157562257], [0.020969677155138925, 0.2305370705127716, 0.23082896399497985, 0.23049654865264893, 0.23077609157562257], [0.019876385397161356, 0.2305370705127716, 0.23082896399497985, 0.23049654865264893, 0.23077609157562257], [0.02414724723758991, 0.2305370705127716, 0.23082896399497985, 0.23049654865264893, 0.23077609157562257], [0.02167542349122232, 0.2305370705127716, 0.23082896399497985, 0.23049654865264893, 0.23077609157562257], [0.02229987355208141, 0.2305370705127716, 0.23082896399497985, 0.23049654865264893, 0.23077609157562257], [0.01910191674064845, 0.2305370705127716, 0.23082896399497985, 0.23049654865264893, 0.23077609157562257], [0.019600126543737134, 0.2305370705127716, 0.23082896399497985, 0.23049654865264893, 0.23077609157562257], [0.019203787356906105, 0.2305370705127716, 0.23082896399497985, 0.23049654865264893, 0.23077609157562257], [0.020356477148932753, 0.2305370705127716, 0.23082896399497985, 0.23049654865264893, 0.23077609157562257], [0.019635167180458667, 0.2305370705127716, 0.23082896399497985, 0.23049654865264893, 0.23077609157562257], [0.019722086709807626, 0.2305370705127716, 0.23082896399497985, 0.23049654865264893, 0.23077609157562257], [0.018389774477771424, 0.2305370705127716, 0.23082896399497985, 0.23049654865264893, 0.23077609157562257], [0.019143670854187802, 0.2305370705127716, 0.23082896399497985, 0.23049654865264893, 0.23077609157562257], [0.017578144202525438, 0.2305370705127716, 0.23082896399497985, 0.23049654865264893, 0.23077609157562257], [0.019669114240612545, 0.2305370705127716, 0.23082896399497985, 0.23049654865264893, 0.23077609157562257], [0.01849024881643709, 0.2305370705127716, 0.23082896399497985, 0.23049654865264893, 0.23077609157562257], [0.019376692991907477, 0.2305370705127716, 0.23082896399497985, 0.23049654865264893, 0.23077609157562257], [0.01942400782589357, 0.2305370705127716, 0.23082896399497985, 0.23049654865264893, 0.23077609157562257], [0.020875373735949325, 0.2305370705127716, 0.23082896399497985, 0.23049654865264893, 0.23077609157562257], [0.02023556047709826, 0.2305370705127716, 0.23082896399497985, 0.23049654865264893, 0.23077609157562257], [0.021746898385927124, 0.2305370705127716, 0.23082896399497985, 0.23049654865264893, 0.23077609157562257], [0.02078138380648852, 0.2305370705127716, 0.23082896399497985, 0.23049654865264893, 0.23077609157562257], [0.02204934512165437, 0.2305370705127716, 0.23082896399497985, 0.23049654865264893, 0.23077609157562257], [0.02157296519999909, 0.2305370705127716, 0.23082896399497985, 0.23049654865264893, 0.23077609157562257], [0.0224385830217916, 0.2305370705127716, 0.23082896399497985, 0.23049654865264893, 0.23077609157562257], [0.021386104009976408, 0.2305370705127716, 0.23082896399497985, 0.23049654865264893, 0.23077609157562257], [0.023934910526516886, 0.2305370705127716, 0.23082896399497985, 0.23049654865264893, 0.23077609157562257], [0.021080383805430754, 0.2305370705127716, 0.23082896399497985, 0.23049654865264893, 0.23077609157562257], [0.021742483462252493, 0.2305370705127716, 0.23082896399497985, 0.23049654865264893, 0.23077609157562257], [0.020880972900056805, 0.2305370705127716, 0.23082896399497985, 0.23049654865264893, 0.23077609157562257], [0.02206429097918658, 0.2305370705127716, 0.23082896399497985, 