{"test_losses": [0.022936042354564472, 0.024834433866269663, 0.02457170991283475, 0.024831922367365672, 0.023511393955259613, 0.022266627658497205, 0.022380148283760958, 0.02260320201817185, 0.023528780976329187, 0.024222879358614335, 0.021519237899720066, 0.020697182100830658, 0.022601808050666188, 0.022622145956212824, 0.02234858944410026, 0.023593532336179657, 0.021654992002730418, 0.022363636531312053, 0.022785653348522956, 0.025062414309894192, 0.023950720153974765, 0.02545017976953526, 0.025200790425743715, 0.024043635640180475, 0.024295798710199316, 0.026150037074329877, 0.024382815493477712, 0.023511847903331124, 0.024193848594270574, 0.022359872571747715, 0.021621002794215173], "test_accs": [0.21166666666666664, 0.2506691919191919, 0.2444444444444444, 0.2469444444444444, 0.25074494949494947, 0.2620454545454545, 0.265770202020202, 0.2932070707070707, 0.29694444444444446, 0.31320707070707077, 0.3070833333333334, 0.31457070707070706, 0.33332070707070705, 0.3082449494949495, 0.3220328282828283, 0.3070454545454545, 0.33212121212121215, 0.31700757575757577, 0.3083207070707071, 0.2995833333333333, 0.34708333333333335, 0.3369949494949495, 0.3433964646464646, 0.3546338383838384, 0.34843434343434343, 0.33090909090909093, 0.34090909090909094, 0.3521969696969697, 0.3385227272727273, 0.35604797979797975, 0.37109848484848484], "local_test_losses": [[0.022477707862854003, 0.022834062576293945, 0.022346947193145752, 0.023228493603793057, 0.02107167003130672, 0.026438345909118654, 0.024720985889434815, 0.020370125770568848], [0.021719679832458497, 0.022251794338226317, 0.02161167860031128, 0.023282838590217358, 0.022764906738743637, 0.030735223293304442, 0.03356615304946899, 0.02274319648742676], [0.021526741981506347, 0.022040321826934814, 0.021163053512573242, 0.023499688716849897, 0.0206518414044621, 0.03157536029815674, 0.034712600708007815, 0.02140407085418701], [0.02211841821670532, 0.021963436603546143, 0.02118111848831177, 0.023009825234461313, 0.020074450608455773, 0.03280179738998413, 0.03508247375488281, 0.022423858642578124], [0.022692389488220215, 0.0220121431350708, 0.021346993446350097, 0.022591073103625365, 0.019139442781005243, 0.028348934650421143, 0.03171281099319458, 0.020247364044189455], [0.022748746871948243, 0.02224388360977173, 0.0212092924118042, 0.022272632579610804, 0.018177311829846315, 0.025879180431365965, 0.02817124843597412, 0.01743072509765625], [0.022591352462768555, 0.02200901508331299, 0.021108310222625732, 0.02200701983288081, 0.01930075703245221, 0.02569310188293457, 0.028297100067138672, 0.018034529685974122], [0.02240921974182129, 0.021544067859649657, 0.02119088649749756, 0.02170719040764703, 0.02070938457142223, 0.025981793403625487, 0.028181872367858886, 0.01910120129585266], [0.021982555389404298, 0.020956690311431884, 0.021108200550079347, 0.021425560267284663, 0.023065523667768997, 0.02444450616836548, 0.03290933609008789, 0.022337875366210937], [0.021433825492858886, 0.020266962051391602, 0.020931050777435303, 0.021243781754464813, 0.024670827268350005, 0.024749395847320558, 0.03564982414245606, 0.02483736753463745], [0.02144669532775879, 0.01997319221496582, 0.021151206493377685, 0.020986860448663883, 0.017842938201596038, 0.023303964138031007, 0.028613080978393556, 0.018835965394973755], [0.02129044532775879, 0.019757368564605714, 0.02126302719116211, 0.020746746448555377, 0.018245524830288358, 0.02230006456375122, 0.025481085777282714, 0.016493194103240967], [0.02086625814437866, 0.019515986442565917, 0.020963048934936522, 0.02051509510387074, 0.021553417648931945, 0.026718790531158446, 0.030334460735321044, 0.02034740686416626], [0.02184114933013916, 0.019653167724609375, 0.02158196210861206, 0.020442512300279405, 0.021093060271908538, 0.02617199659347534, 0.029949758052825928, 0.020243561267852782], [0.021754865646362306, 0.01968010425567627, 0.021570425033569336, 0.020034369796213477, 0.019685087781963928, 0.025941486358642577, 0.03072164535522461, 0.019400731325149537], [0.022147738933563234, 0.01981925845146179, 0.021986076831817625, 0.019859241716789478, 0.020157443152533636, 0.026613543033599852, 0.034497132301330564, 0.023667824268341065], [0.022429568767547606, 0.01982219696044922, 0.022180418968200683, 0.019657706973528623, 0.016904178291860254, 0.025049057006835938, 0.02886894464492798, 0.01832786440849304], [0.02218320369720459, 0.019591375589370727, 0.022541894912719726, 0.019633290743586992, 0.021052512255581943, 0.025736889839172362, 0.029647881984710692, 0.018522043228149414], [0.022588648796081544, 0.019721860885620116, 0.02298245668411255, 0.01954341416407113, 0.02010919228948728, 0.025929248332977294, 0.03217634677886963, 0.019234058856964113], [0.022133703231811522, 0.019717384576797486, 0.022652132511138914, 0.01941649119059245, 0.023728729498506795, 0.030465428829193116, 0.0382921290397644, 0.024093315601348878], [0.022434124946594237, 0.01977638602256775, 0.023035776615142823, 0.019702983625007397, 0.02311331575567072, 0.03066110610961914, 0.032648863792419436, 0.020233204364776613], [0.02114845037460327, 0.019752240180969237, 0.022467327117919923, 0.019177102079295148, 0.028380644441855073, 0.03521191358566284, 0.035464284420013426, 0.021999475955963136], [0.0211240291595459, 0.019752202033996583, 0.022681124210357666, 0.019229752848846742, 0.025978312347874497, 0.03359215021133423, 0.03666757106781006, 0.02258118152618408], [0.02059848070144653, 0.01988378882408142, 0.02258352756500244, 0.019050851012721207, 0.023635900381839638, 0.03190833330154419, 0.03227100610733032, 0.022417197227478026], [0.01999508500099182, 0.01951106548309326, 0.021755945682525635, 0.018552520058371803, 0.024540224460640338, 0.03274554967880249, 0.03312156677246094, 0.02414443254470825], [0.021124913692474365, 0.02040516138076782, 0.023241355419158935, 0.0188154090534557, 0.028836616361984098, 0.0338085150718689, 0.036763939857482913, 0.02620438575744629], [0.02003882884979248, 0.01998664379119873, 0.02314208745956421, 0.018923545124554873, 0.026138387545190676, 0.03468797922134399, 0.029928450584411622, 0.022216601371765135], [0.01960892081260681, 0.020097713470458984, 0.023280744552612306, 0.019140359127160275, 0.022959990934892135, 0.03272126197814942, 0.03043635368347168, 0.019849438667297364], [0.021353304386138916, 0.021644508838653563, 0.02515247344970703, 0.018824672458147763, 0.024681532021724815, 0.03225127935409546, 0.029144904613494872, 0.02049811363220215], [0.019889817237854004, 0.019879505634307862, 0.023010377883911134, 0.01836529283812552, 0.022100031977952128, 0.031168484687805177, 0.02683389663696289, 0.017631573677062987], [0.020247883796691894, 0.019533419609069826, 0.022704672813415528, 0.018063489836875838, 0.020161637152084196, 0.028581967353820802, 0.025567591190338135, 0.01810736060142517]],