{"test_losses": [0.018848449323663544], "test_acc": [0.5806143347756574], "local_test_losses": [[0.020712987899780273, 0.019584486961364746, 0.014653667673334345, 0.020861527562141418, 0.016810891389846802, 0.02084394896030426, 0.02171772766113281, 0.013169620633125306, 0.021521942138671875, 0.019998164597398532, 0.01810157633161879, 0.018175017356872557, 0.02118533730506897, 0.019028717148041198, 0.017758784890174864, 0.01438348560600548, 0.02058141207695007, 0.01970279657840729, 0.016879024505615233, 0.014741363706770125, 0.019556737422943116, 0.021655632615089418, 0.01936233913898468, 0.013655739068984986, 0.018665865659713746, 0.020623085257766006, 0.02048710158637336, 0.020709094223198114, 0.020544801235198976, 0.018308340549468994, 0.018550828695297242, 0.020618331921589864]], "local_test_acc": [[0.301, 0.673, 0.8878878878878879, 0.321, 0.83, 0.275, 0.17, 0.995, 0.362, 0.3106212424849699, 0.46046046046046046, 0.615, 0.237, 0.7164328657314629, 0.783, 0.8968968968968969, 0.395, 0.697, 0.736, 0.8848848848848849, 0.809, 0.256, 0.68, 0.985, 0.702, 0.3183183183183183, 0.3163163163163163, 0.44044044044044045, 0.487, 0.906, 0.733, 0.3993993993993994]]}