{"test_losses": [0.23052262296676634], "test_accs": [0.1032], "local_test_losses": [[0.23135063338279724, 0.23020322251319886, 0.2305968611240387, 0.23013068008422852, 0.23033171772956848]], "local_test_accs": [[0.087, 0.108, 0.094, 0.107, 0.12]], "global_test_losses": [0.229922758102417], "global_test_accs": [0.112]}