{"test_losses": [0.19762167632579802, 0.07091279789805412, 0.037975334824994204, 0.03386196529958397, 0.030460897777811625, 0.027702151703706476, 0.025952282166777876, 0.02552222020016052, 0.02490478490416717, 0.023420895568982813, 0.023252972563524963, 0.024338598198963154, 0.023530586366076023, 0.024244428938669443, 0.02507211963658483, 0.024420029494507618, 0.023225710466844247, 0.023874108821637492, 0.024148500884633904, 0.02463080052289115, 0.024996873090601186, 0.024668310776732143, 0.024369531196995014, 0.02467588004084246, 0.025339774998505163, 0.025600888772790313, 0.02404444216237607, 0.024953744361432655, 0.02552718671551611, 0.026420011141882697, 0.026690464912074278, 0.02745042863728213, 0.02727434299830776, 0.027800348071845633, 0.02831108493822528, 0.02859480522716575, 0.02904031170473837, 0.029205122689998007, 0.02940818948064292, 0.029758068316536865, 0.030055674174876545, 0.030231915720277613, 0.030489304287317692, 0.030773018821837143, 0.031025162634230243, 0.031165989377706524, 0.0315235185803886, 0.031731715634077645, 0.03193776598425028, 0.032121509142069425, 0.03231438410518469, 0.03252695178587561, 0.032717015533228304, 0.03285536903825684, 0.03298086534999818, 0.03317812435440203, 0.03335649137906205, 0.03353827033504233, 0.033679843994048254, 0.033824743536244144, 0.03395654955699706, 0.03412040035732889, 0.034227720246258246, 0.03438483519734429, 0.03449426340896768, 0.034621684567196255, 0.034737241031192224, 0.034854303730339764, 0.03498015145582325, 0.03511042705312603, 0.035203370096710984, 0.03532487221376444, 0.035434062306924675, 0.035528056617104724, 0.03562746118080163, 0.03573185252726826, 0.03581973203326477, 0.03592302366675597, 0.03600425456285427, 0.03609816389981847, 0.036189583142801754, 0.03627307172718655, 0.03637120500712812, 0.036453496691993714, 0.03654008245835577, 0.03661673769130785, 0.03670642519931705, 0.03677656470241652, 0.03685042754184428, 0.0369213719790016, 0.03700718625416562, 0.037077614978121176, 0.03714225350791259, 0.037216068117995466, 0.03728871791328334, 0.037353123866695793, 0.03740711468520362, 0.03747506310831966, 0.037545424789528735, 0.03760399872602795, 0.037665184027242844, 0.03772854172240956, 0.03778675328625549, 0.03784916892440232, 0.037910028491464305, 0.03796898231666331, 0.038024472982377704, 0.03807975798702002, 0.03813255538973796, 0.03819262653937859, 0.0382486955256923], "test_accs": [0.482, 0.804, 0.885, 0.902, 0.91, 0.923, 0.927, 0.927, 0.93, 0.933, 0.939, 0.935, 0.937, 0.937, 0.938, 0.939, 0.942, 0.939, 0.939, 0.939, 0.943, 0.944, 0.941, 0.945, 0.942, 0.945, 0.943, 0.946, 0.944, 0.946, 0.946, 0.946, 0.945, 0.944, 0.946, 0.945, 0.945, 0.945, 0.945, 0.945, 0.945, 0.944, 0.944, 0.944, 0.944, 0.944, 0.945, 0.945, 0.945, 0.945, 0.946, 0.946, 0.946, 0.946, 0.946, 0.946, 0.946, 0.946, 0.946, 0.946, 0.946, 0.946, 0.945, 0.945, 0.945, 0.945, 0.945, 0.945, 0.946, 0.946, 0.946, 0.946, 0.946, 0.947, 0.947, 0.947, 0.947, 0.947, 0.947, 0.947, 0.947, 0.948, 0.948, 0.948, 0.948, 0.948, 0.948, 0.948, 0.948, 0.948, 0.948, 0.948, 0.948, 0.948, 0.947, 0.947, 0.947, 0.947, 0.947, 0.947, 0.947, 0.947, 0.947, 0.947, 0.947, 0.947, 0.947, 0.947, 0.947, 0.947, 0.947], "local_test_losses": [[0.19762167632579802], [0.07091279789805412], [0.037975334824994204], [0.03386196529958397], [0.030460897777811625], [0.027702151703706476], [0.025952282166777876], [0.02552222020016052], [0.02490478490416717], [0.023420895568982813], [0.023252972563524963], [0.024338598198963154], [0.023530586366076023], [0.024244428938669443], [0.02507211963658483], [0.024420029494507618], [0.023225710466844247], [0.023874108821637492], [0.024148500884633904], [0.02463080052289115], [0.024996873090601186], [0.024668310776732143], [0.024369531196995014], [0.02467588004084246], [0.025339774998505163], [0.025600888772790313], [0.02404444216237607], [0.024953744361432655], [0.02552718671551611], [0.026420011141882697], [0.026690464912074278], [0.02745042863728213], [0.02727434299830776], [0.027800348071845633], [0.02831108493822528], [0.02859480522716575], [0.02904031170473837], [0.029205122689998007], [0.02940818948064292], [0.029758068316536865], [0.030055674174876545], [0.030231915720277613], [0.030489304287317692], [0.030773018821837143], [0.031025162634230243], [0.031165989377706524], [0.0315235185803886], [0.031731715634077645], [0.03193776598425028], [0.032121509142069425], [0.03231438410518469], [0.03252695178587561], [0.032717015533228304], [0.03285536903825684], [0.03298086534999818], [0.03317812435440203], [0.03335649137906205], [0.03353827033504233], [0.033679843994048254], [0.033824743536244144], [0.03395654955699706], [0.03412040035732889], [0.034227720246258246], [0.03438483519734429], [0.03449426340896768], [0.034621684567196255], [0.034737241031192224], [0.034854303730339764], [0.03498015145582325], [0.03511042705312603], [0.035203370096710984], [0.03532487221376444], [0.035434062306924675], [0.035528056617104724], [0.03562746118080163], [0.03573185252726826], [0.03581973203326477], [0.03592302366675597], [0.03600425456285427], [0.03609816389981847], [0.036189583142801754], [0.03627307172718655], [0.03637120500712812], [0.036453496691993714], [0.03654008245835577], [0.03661673769130785], [0.03670642519931705], [0.03677656470241652], [0.03685042754184428], [0.0369213719790016], [0.03700718625416562], [0.037077614978121176], [0.03714225350791259], [0.037216068117995466], [0.03728871791328334], [0.037353123866695793], [0.03740711468520362], [0.03747506310831966], [0.037545424789528735], [0.03760399872602795], [0.037665184027242844], [0.03772854172240956], [0.03778675328625549], [0.03784916892440232], [0.037910028491464305], [0.03796898231666331], [0.038024472982377704], [0.03807975798702002], [0.03813255538973796], [0.03819262653937859], [0.0382486955256923]], "local_test_accs": [[0.482], [0.804], [0.885], [0.902], [0.91], [0.923], [0.927], [0.927], [0.93], [0.933], [0.939], [0.935], [0.937], [0.937], [0.938], [0.939], [0.942], [0.939], [0.939], [0.939], [0.943], [0.944], [0.941], [0.945], [0.942], [0.945], [0.943], [0.946], [0.944], [0.946], [0.946], [0.946], [0.945], [0.944], [0.946], [0.945], [0.945], [0.945], [0.945], [0.945], [0.945], [0.944], [0.944], [0.944], [0.944], [0.944], [0.945], [0.945], [0.945], [0.945], [0.946], [0.946], [0.946], [0.946], [0.946], [0.946], [0.946], [0.946], [0.946], [0.946], [0.946], [0.946], [0.945], [0.945], [0.945], [0.945], [0.945], [0.945], [0.946], [0.946], [0.946], [0.946], [0.946], [0.947], [0.947], [0.947], [0.947], [0.947], [0.947], [0.947], [0.947], [0.948], [0.948], [0.948], [0.948], [0.948], [0.948], [0.948], [0.948], [0.948], [0.948], [0.948], [0.948], [0.948], [0.947], [0.947], [0.947], [0.947], [0.947], [0.947], [0.947], [0.947], [0.947], [0.947], [0.947], [0.947], [0.947], [0.947], [0.947], [0.947], [0.947]],