{"test_losses": [0.02299539134502411, 0.022873313665390013, 0.02267739055156708, 0.022375122833251954, 0.02196470217704773, 0.021392346572875975, 0.02082391152381897, 0.020344686210155487, 0.020030250656604767, 0.01980502738952637, 0.019554245233535765, 0.019352142596244813, 0.01937776244878769, 0.01903324782848358, 0.01868355269432068, 0.018249112379550934, 0.01838773283958435, 0.01781372308731079, 0.017568353974819182, 0.01784186556339264, 0.017167594635486602, 0.017316929471492767, 0.016903478848934173, 0.016818472921848297, 0.016542392551898957, 0.0163243381023407, 0.01619640032052994, 0.016370150291919707, 0.01619841811656952, 0.015936552667617798, 0.01574417495727539], "test_acc": [0.1, 0.1, 0.1036, 0.1724, 0.2057, 0.2353, 0.2494, 0.267, 0.2769, 0.2752, 0.2949, 0.2953, 0.3022, 0.3147, 0.3316, 0.3424, 0.3365, 0.3612, 0.3641, 0.352, 0.377, 0.3768, 0.3834, 0.3841, 0.3948, 0.4036, 0.4096, 0.4019, 0.4084, 0.4138, 0.422], "local_test_losses": [[0.02299539134502411, 0.02299539134502411, 0.02299539134502411, 0.02299539134502411], [0.022873313665390013, 0.022873313665390013, 0.022873313665390013, 0.022873313665390013], [0.02267739055156708, 0.02267739055156708, 0.02267739055156708, 0.02267739055156708], [0.022375122833251954, 0.022375122833251954, 0.022375122833251954, 0.022375122833251954], [0.02196470217704773, 0.02196470217704773, 0.02196470217704773, 0.02196470217704773], [0.021392346572875975, 0.021392346572875975, 0.021392346572875975, 0.021392346572875975], [0.02082391152381897, 0.02082391152381897, 0.02082391152381897, 0.02082391152381897], [0.020344686210155487, 0.020344686210155487, 0.020344686210155487, 0.020344686210155487], [0.020030250656604767, 0.020030250656604767, 0.020030250656604767, 0.020030250656604767], [0.01980502738952637, 0.01980502738952637, 0.01980502738952637, 0.01980502738952637], [0.019554245233535765, 0.019554245233535765, 0.019554245233535765, 0.019554245233535765], [0.019352142596244813, 0.019352142596244813, 0.019352142596244813, 0.019352142596244813], [0.01937776244878769, 0.01937776244878769, 0.01937776244878769, 0.01937776244878769], [0.01903324782848358, 0.01903324782848358, 0.01903324782848358, 0.01903324782848358], [0.01868355269432068, 0.01868355269432068, 0.01868355269432068, 0.01868355269432068], [0.018249112379550934, 0.018249112379550934, 0.018249112379550934, 0.018249112379550934], [0.01838773283958435, 0.01838773283958435, 0.01838773283958435, 0.01838773283958435], [0.01781372308731079, 0.01781372308731079, 0.01781372308731079, 0.01781372308731079], [0.017568353974819182, 0.017568353974819182, 0.017568353974819182, 0.017568353974819182], [0.01784186556339264, 0.01784186556339264, 0.01784186556339264, 0.01784186556339264], [0.017167594635486602, 0.017167594635486602, 0.017167594635486602, 0.017167594635486602], [0.017316929471492767, 0.017316929471492767, 0.017316929471492767, 0.017316929471492767], [0.016903478848934173, 0.016903478848934173, 0.016903478848934173, 0.016903478848934173], [0.016818472921848297, 0.016818472921848297, 0.016818472921848297, 0.016818472921848297], [0.016542392551898957, 0.016542392551898957, 0.016542392551898957, 0.016542392551898957], [0.0163243381023407, 0.0163243381023407, 0.0163243381023407, 0.0163243381023407], [0.01619640032052994, 0.01619640032052994, 0.01619640032052994, 0.01619640032052994], [0.016370150291919707, 0.016370150291919707, 0.016370150291919707, 0.016370150291919707], [0.01619841811656952, 0.01619841811656952, 0.01619841811656952, 0.01619841811656952], [0.015936552667617798, 0.015936552667617798, 0.015936552667617798, 0.015936552667617798], [0.01574417495727539, 0.01574417495727539, 0.01574417495727539, 0.01574417495727539]], "local_test_acc": [[0.1, 0.1, 0.1, 0.1], [0.1, 0.1, 0.1, 0.1], [0.1036, 0.1036, 0.1036, 0.1036], [0.1724, 0.1724, 0.1724, 0.1724], [0.2057, 0.2057, 0.2057, 0.2057], [0.2353, 0.2353, 0.2353, 0.2353], [0.2494, 0.2494, 0.2494, 0.2494], [0.267, 0.267, 0.267, 0.267], [0.2769, 0.2769, 0.2769, 0.2769], [0.2752, 0.2752, 0.2752, 0.2752], [0.2949, 0.2949, 0.2949, 0.2949], [0.2953, 0.2953, 0.2953, 0.2953], [0.3022, 0.3022, 0.3022, 0.3022], [0.3147, 0.3147, 0.3147, 0.3147], [0.3316, 0.3316, 0.3316, 0.3316], [0.3424, 0.3424, 0.3424, 0.3424], [0.3365, 0.3365, 0.3365, 0.3365], [0.3612, 0.3612, 0.3612, 0.3612], [0.3641, 0.3641, 0.3641, 0.3641], [0.352, 0.352, 0.352, 0.352], [0.377, 0.377, 0.377, 0.377], [0.3768, 0.3768, 0.3768, 0.3768], [0.3834, 0.3834, 0.3834, 0.3834], [0.3841, 0.3841, 0.3841, 0.3841], [0.3948, 0.3948, 0.3948, 0.3948], [0.4036, 0.4036, 0.4036, 0.4036], [0.4096, 0.4096, 0.4096, 0.4096], [0.4019, 0.4019, 0.4019, 0.4019], [0.4084, 0.4084, 0.4084, 0.4084], [0.4138, 0.4138, 0.4138, 0.4138], [0.422, 0.422, 0.422, 0.422]]}