{"test_losses": [0.020906429886817932, 0.01843991583585739, 0.017163468170166014, 0.015784112107753753, 0.01530527390241623, 0.014783934605121613, 0.015458072566986085, 0.014152446711063384, 0.013955634605884552, 0.013660499238967895, 0.013728163278102876, 0.013309514617919922, 0.012505120348930358, 0.01226471437215805, 0.012312336707115174, 0.011328366094827652, 0.011220909827947616, 0.011216521722078323, 0.011205348652601243, 0.010694524383544922, 0.010716160786151886, 0.011175509148836136, 0.01081483315229416, 0.01117446294426918, 0.009689187371730804, 0.00998318880200386, 0.010191775518655776, 0.009475811225175858, 0.009777444756031036, 0.009792349165678024, 0.010288178354501725, 0.009719799810647965, 0.009267150604724885, 0.009247649097442627, 0.009707072532176972, 0.009478437519073487, 0.009471972113847732, 0.009365212672948837, 0.009399968355894088, 0.009282630598545075, 0.008885852134227754, 0.008995463609695435, 0.00892649695277214, 0.009219335061311722, 0.008745859920978547, 0.008844800770282745, 0.00875283249616623, 0.008491954171657563, 0.009027420127391815, 0.008648319053649902, 0.00917550795674324, 0.008781709057092666, 0.008323776483535767, 0.008303535890579224, 0.008822158229351043, 0.008422271811962128, 0.008317761754989625, 0.008440348553657532, 0.008737815028429031, 0.008300109881162643, 0.008273173129558564], "test_acc": [0.2294, 0.3312, 0.3799, 0.4259, 0.4601, 0.4696, 0.4494, 0.4935, 0.5086, 0.514, 0.5283, 0.5177, 0.5614, 0.5628, 0.5647, 0.6002, 0.6099, 0.6094, 0.6057, 0.6302, 0.629, 0.6148, 0.6183, 0.619, 0.6645, 0.6508, 0.6515, 0.6703, 0.6651, 0.6633, 0.6539, 0.6622, 0.6828, 0.6876, 0.6602, 0.6757, 0.673, 0.6793, 0.6755, 0.6882, 0.6973, 0.6906, 0.6985, 0.6864, 0.7055, 0.6977, 0.7035, 0.7067, 0.6977, 0.7056, 0.6911, 0.706, 0.7139, 0.7165, 0.7024, 0.7161, 0.7137, 0.7135, 0.7078, 0.7177, 0.7201], "local_test_losses": [[0.020906429886817932, 0.020906429886817932, 0.020906429886817932, 0.020906429886817932], [0.01843991583585739, 0.01843991583585739, 0.01843991583585739, 0.01843991583585739], [0.017163468170166014, 0.017163468170166014, 0.017163468170166014, 0.017163468170166014], [0.015784112107753753, 0.015784112107753753, 0.015784112107753753, 0.015784112107753753], [0.01530527390241623, 0.01530527390241623, 0.01530527390241623, 0.01530527390241623], [0.014783934605121613, 0.014783934605121613, 0.014783934605121613, 0.014783934605121613], [0.015458072566986085, 0.015458072566986085, 0.015458072566986085, 0.015458072566986085], [0.014152446711063384, 0.014152446711063384, 0.014152446711063384, 0.014152446711063384], [0.013955634605884552, 0.013955634605884552, 0.013955634605884552, 0.013955634605884552], [0.013660499238967895, 0.013660499238967895, 0.013660499238967895, 0.013660499238967895], [0.013728163278102876, 0.013728163278102876, 0.013728163278102876, 0.013728163278102876], [0.013309514617919922, 0.013309514617919922, 0.013309514617919922, 0.013309514617919922], [0.012505120348930358, 0.012505120348930358, 0.012505120348930358, 0.012505120348930358], [0.01226471437215805, 0.01226471437215805, 0.01226471437215805, 0.01226471437215805], [0.012312336707115174, 0.012312336707115174, 0.012312336707115174, 0.012312336707115174], [0.011328366094827652, 0.011328366094827652, 0.011328366094827652, 0.011328366094827652], [0.011220909827947616, 0.011220909827947616, 0.011220909827947616, 0.011220909827947616], [0.011216521722078323, 0.011216521722078323, 0.011216521722078323, 0.011216521722078323], [0.011205348652601243, 0.011205348652601243, 0.011205348652601243, 0.011205348652601243], [0.010694524383544922, 0.010694524383544922, 0.010694524383544922, 0.010694524383544922], [0.010716160786151886, 0.010716160786151886, 0.010716160786151886, 0.010716160786151886], [0.011175509148836136, 0.011175509148836136, 0.011175509148836136, 0.011175509148836136], [0.01081483315229416, 0.01081483315229416, 0.01081483315229416, 0.01081483315229416], [0.01117446294426918, 0.01117446294426918, 0.01117446294426918, 0.01117446294426918], [0.009689187371730804, 0.009689187371730804, 0.009689187371730804, 0.009689187371730804], [0.00998318880200386, 0.00998318880200386, 0.00998318880200386, 0.00998318880200386], [0.010191775518655776, 0.010191775518655776, 0.010191775518655776, 0.010191775518655776], [0.009475811225175858, 0.009475811225175858, 0.009475811225175858, 0.009475811225175858], [0.009777444756031036, 0.009777444756031036, 0.009777444756031036, 0.009777444756031036], [0.009792349165678024, 0.009792349165678024, 0.009792349165678024, 0.009792349165678024], [0.010288178354501725, 0.010288178354501725, 0.010288178354501725, 0.010288178354501725], [0.009719799810647965, 0.009719799810647965, 0.009719799810647965, 0.009719799810647965], [0.009267150604724885, 0.009267150604724885, 0.009267150604724885, 0.009267150604724885], [0.009247649097442627, 0.009247649097442627, 0.009247649097442627, 0.009247649097442627], [0.009707072532176972, 0.009707072532176972, 0.009707072532176972, 0.009707072532176972], [0.009478437519073487, 0.009478437519073487, 0.009478437519073487, 0.009478437519073487], [0.009471972113847732, 0.009471972113847732, 0.009471972113847732, 0.009471972113847732], [0.009365212672948837, 0.009365212672948837, 0.009365212672948837, 0.009365212672948837], [0.009399968355894088, 0.009399968355894088, 0.009399968355894088, 0.009399968355894088], [0.009282630598545075, 0.009282630598545075, 0.009282630598545075, 0.009282630598545075], [0.008885852134227754, 0.008885852134227754, 0.008885852134227754, 0.008885852134227754], [0.008995463609695435, 0.008995463609695435, 0.008995463609695435, 0.008995463609695435], [0.00892649695277214, 0.00892649695277214, 0.00892649695277214, 0.00892649695277214], [0.009219335061311722, 0.009219335061311722, 0.009219335061311722, 0.009219335061311722], [0.008745859920978547, 0.008745859920978547, 0.008745859920978547, 0.008745859920978547], [0.008844800770282745, 0.008844800770282745, 0.008844800770282745, 0.008844800770282745], [0.00875283249616623, 0.00875283249616623, 0.00875283249616623, 0.00875283249616623], [0.008491954171657563, 0.008491954171657563, 0.008491954171657563, 0.008491954171657563], [0.009027420127391815, 0.009027420127391815, 0.009027420127391815, 0.009027420127391815], [0.008648319053649902, 0.008648319053649902, 0.008648319053649902, 0.008648319053649902], [0.00917550795674324, 0.00917550795674324, 0.00917550795674324, 0.00917550795674324], [0.008781709057092666, 0.008781709057092666, 0.008781709057092666, 0.008781709057092666], [0.008323776483535767, 0.008323776483535767, 0.008323776483535767, 0.008323776483535767], [0.008303535890579224, 0.008303535890579224, 0.008303535890579224, 0.008303535890579224], [0.008822158229351043, 0.008822158229351043, 0.008822158229351043, 0.008822158229351043], [0.008422271811962128, 0.008422271811962128, 0.008422271811962128, 0.008422271811962128], [0.008317761754989625, 0.008317761754989625, 0.008317761754989625, 0.008317761754989625], [0.008440348553657532, 0.008440348553657532, 0.008440348553657532, 0.008440348553657532], [0.008737815028429031, 0.008737815028429031, 0.008737815028429031, 0.008737815028429031], [0.008300109881162643, 0.008300109881162643, 0.008300109881162643, 0.008300109881162643], [0.008273173129558564, 0.008273173129558564, 0.008273173129558564, 0.008273173129558564]],