{"test_losses": [0.23147432594299314], "test_accs": [0.1016], "local_test_losses": [[0.23497053456306458, 0.23099759936332703, 0.23031702423095704, 0.23038969349861144, 0.23069677805900574]], "local_test_accs": [[0.087, 0.098, 0.105, 0.126, 0.092]], "global_test_losses": [0.23031138563156128], "global_test_accs": [0.11]}