{"test_losses": [0.23002220094203948, 0.22822806203365326, 0.22206532853841782, 0.2180339376926422, 0.21634577947854994, 0.2135611268877983, 0.21203375118970869, 0.21049698257446287, 0.20935529470443726, 0.20747410923242568, 0.20766448110342026], "test_accs": [0.1155, 0.13, 0.1655, 0.1755, 0.181, 0.20199999999999999, 0.21, 0.216, 0.212, 0.23299999999999998, 0.2225], "local_test_losses": [[0.22989511609077454, 0.23014928579330443], [0.22630683994293213, 0.23014928412437438], [0.21398137176036836, 0.23014928531646728], [0.20591859006881713, 0.23014928531646728], [0.20254227316379547, 0.23014928579330443], [0.19697296798229216, 0.23014928579330443], [0.19391821658611297, 0.23014928579330443], [0.19084467935562133, 0.23014928579330443], [0.18856130361557008, 0.23014928579330443], [0.18479893267154693, 0.23014928579330443], [0.18517967641353608, 0.23014928579330443]], "local_test_accs": [[0.117, 0.114], [0.146, 0.114], [0.217, 0.114], [0.237, 0.114], [0.248, 0.114], [0.29, 0.114], [0.306, 0.114], [0.318, 0.114], [0.31, 0.114], [0.352, 0.114], [0.331, 0.114]], "global_test_losses": [0.2298330445289612, 0.22769759821891786, 0.21969028806686403, 0.21290527856349944, 0.2090446469783783, 0.2068501638174057, 0.20142721903324126, 0.2000635358095169, 0.19658703100681305, 0.19559540665149688, 0.19297537672519685], "global_test_accs": [0.106, 0.144, 0.217, 0.235, 0.25, 0.287, 0.305, 0.317, 0.311, 0.349, 0.331]}