{"test_losses": [0.23028395664691925, 0.22917808377742765, 0.22278753632307052, 0.2180039041042328, 0.21598399889469147, 0.21457173454761505, 0.2131633417606354, 0.2118812845945358, 0.21142372864484787, 0.21147806525230406, 0.2106259176135063], "test_accs": [0.11449999999999999, 0.143, 0.165, 0.178, 0.186, 0.191, 0.20249999999999999, 0.2035, 0.213, 0.2125, 0.218], "local_test_losses": [[0.23013328194618224, 0.23043463134765624], [0.22792153549194336, 0.23043463206291198], [0.21514044034481047, 0.23043463230133057], [0.20557317638397216, 0.23043463182449342], [0.20153336501121522, 0.23043463277816773], [0.19870883631706238, 0.23043463277816773], [0.19589205074310304, 0.23043463277816773], [0.19332793641090393, 0.23043463277816773], [0.19241282451152802, 0.23043463277816773], [0.19252149772644042, 0.23043463277816773], [0.1908172024488449, 0.23043463277816773]], "local_test_accs": [[0.124, 0.105], [0.181, 0.105], [0.225, 0.105], [0.251, 0.105], [0.267, 0.105], [0.277, 0.105], [0.3, 0.105], [0.302, 0.105], [0.321, 0.105], [0.32, 0.105], [0.331, 0.105]], "global_test_losses": [0.23016167521476746, 0.2290601794719696, 0.21997141897678374, 0.21123754453659058, 0.20739869964122773, 0.20186089396476745, 0.20009087574481965, 0.19844962322711945, 0.1961134124994278, 0.1964266347885132, 0.19402613186836243], "global_test_accs": [0.121, 0.124, 0.211, 0.252, 0.274, 0.274, 0.308, 0.31, 0.317, 0.318, 0.338]}