{"test_losses": [0.04650968332073698, 0.04392852898744235, 0.04121264463130713, 0.0387565960388252, 0.037162485510431845, 0.03591361871598949, 0.035150728974338095, 0.034699946866137324, 0.03442515270568982, 0.03409338583277553, 0.0342297806279174], "test_accs": [0.07090092705382814, 0.08570303622718543, 0.10677810946440662, 0.12955319232579016, 0.13932180697236504, 0.15796770880433264, 0.18084497248576234, 0.1816123859281038, 0.19458231299841577, 0.20195975794645818, 0.20662782793271767], "local_test_losses": [[0.04508254479388801, 0.04586605149872449, 0.04673386122051038, 0.04884183406829834, 0.04621779421965281, 0.04816077584805696, 0.045104785841338486, 0.04596105064313436, 0.04520917661262281, 0.04678810019242136, 0.045660953132473696, 0.04691556629381682, 0.04614804685115814, 0.04610566794872284, 0.044414610862731935, 0.0503895738151636, 0.045692591323066, 0.04647184908390045, 0.046706791927939965, 0.04652082159164104, 0.04902013317569272, 0.047162362148887235, 0.04594488242237838, 0.04707529697012394, 0.04658620059490204, 0.04593434284642799, 0.046283780913992024, 0.04638701180617014, 0.0463020404179891, 0.04666133721669515, 0.045701936799652725, 0.04625809318140933], [0.042094259845967194, 0.043444132318302076, 0.04449935712312397, 0.04691198597783628, 0.04341957966486613, 0.04525493020596712, 0.04270774490979253, 0.04384969927600978, 0.043103921293008204, 0.04470355385228207, 0.04342213942080128, 0.04450732783267373, 0.0432619700829188, 0.043015276392300926, 0.04158698081970215, 0.047556277071492056, 0.04300434073222052, 0.044386068979899086, 0.044478637293765416, 0.04215231601228105, 0.04661548530662453, 0.04461286946346885, 0.04336203742273075, 0.04398920180949759, 0.0447013775507609, 0.0436513301023503, 0.0442945293544494, 0.043465569615364075, 0.04301954805850983, 0.04427239795525869, 0.04325952821848344, 0.04310855363544665], [0.039168370013334314, 0.041357016076847, 0.042608863429019324, 0.04445002908292024, 0.040820362667242684, 0.043483158816461975, 0.039965070023828625, 0.04134246491894279, 0.04003645434524074, 0.04152742687024568, 0.041163381265134226, 0.04237452557212428, 0.04026806354522705, 0.039409197866916656, 0.037896728515625, 0.04428705740510748, 0.039624037201871576, 0.0415001188715299, 0.042328448044626335, 0.037928842483682834, 0.04407892646370353, 0.041750451138145045, 0.041241114901513165, 0.04098087676027988, 0.04246542354424795, 0.04142259814075588, 0.04227571389109818, 0.039650184412797294, 0.04075612624486288, 0.04259775082270304, 0.040854478368953784, 0.03919136649683902], [0.03682401472208451, 0.039161854860733966, 0.03918689677589818, 0.04220140498617421, 0.03871041784683863, 0.04080894978150078, 0.03762387742801589, 0.03898606595304823, 0.03790170496160334, 0.03947704967699553, 0.03888075205744529, 0.039063569119102075, 0.037702041367689766, 0.0365407740076383, 0.03492285966873169, 0.04140356417452352, 0.037423937591080814, 0.03907647728919983, 0.04019727957876105, 0.03513655763991336, 0.04156455364856091, 0.039781510202508225, 0.0387750950056253, 0.0382608581096568, 0.040361396968364716, 0.03869049082097319, 0.03997396685413478, 0.03697231411933899, 0.03840665022532145, 0.04165416955947876, 0.03787444562328105, 0.03666557261818334], [0.03568235708742726, 0.037355401078049015, 0.03827596463655171, 0.04014207487520964, 0.037790775299072266, 0.03961256276006284, 0.03551226732682208, 0.03652909121562525, 0.036195738147003484, 0.03862669091475637, 0.037401012011936734, 0.03792156420255962, 0.03566342840592066, 0.03483069936434428, 0.032805051803588864, 0.039269666993216185, 0.03507841002080858, 0.03781457990407944, 0.03854781702945107, 0.03330076755361354, 0.03957522570431887, 0.038623734524375515, 0.037703273222618496, 0.036939826417476576, 0.03843802213668823, 0.037170754265539424, 0.038787986814361256, 0.0355689600110054, 0.03696001321077347, 0.04042661190032959, 0.03637646898931386, 0.03427273850691946], [0.032624918587353766, 0.03543449178033946, 0.036523015875565376, 0.03896483649378237, 0.036676218112309776, 0.03821467057518337, 0.034952051785527447, 0.035097874316972553, 0.035702226137874105, 0.03733035639712685, 0.03556315023071912, 0.03654488011410362, 0.034850736459096275, 0.034018235901991524, 0.03192898273468017, 0.03736563211076715, 0.03403952195472324, 0.03696441402037939, 0.03814149906760768, 0.03331027893309898, 0.0373292598095569, 0.03828085347225792, 0.036994491655801987, 0.035176728634124105, 0.03709489107131958, 0.03548240661621094, 0.03795621567165729, 0.03255892048279444, 0.03576057404279709, 0.03878974914550781, 0.03565345978250309, 0.033910256937930455], [0.03139614085761868, 0.03567360858527981, 0.03561731137727436, 0.03769087013990983, 0.03665651877721151, 0.03639251771180526, 0.03396841944480429, 0.03351899766430412, 0.035209622045960086, 0.03682137288545308, 0.03480371650384397, 0.03531286590977719, 0.0334984635313352, 0.03400533397992452, 0.0316312313079834, 0.036898888898699474, 0.032848805496373125, 0.03725014875332514, 0.03757181920503315, 0.03282567288013215, 0.037194519252567504, 0.03661587614762156, 0.03637399624303444, 0.034290108274906236, 0.036301794151465096, 0.0351447592076567, 0.03732955578676204, 0.033881974716981254, 0.03448820859193802, 0.03822232037782669, 0.03294358204822151, 0.03244430642378958], [0.03180482679483842, 0.034164650099618096, 0.036070748379355984, 0.03730221675789874, 0.03480784843365351, 0.03519459651864093, 0.03376633050490399, 0.033978393397380395, 0.03539933821167609, 0.03624324045683208, 0.034798310727489234, 0.03450212478637695, 0.03259847313165665, 0.03421701739231745, 0.03175464153289795, 0.03690827294681849, 0.03230936748465312, 0.03570497284332911, 0.03586506341633044, 0.032693056350058695, 0.03557854694324535, 0.037185495778133994, 0.03568232182374934, 0.03353419456076115, 0.03601518273353577, 0.034466524714047146, 0.036790324240615686, 0.03222840279340744, 0.034201075633366905, 0.03699144969383875, 0.03401590123468516, 0.033625389400281404], [0.030140387768648108, 0.0361680522256968, 0.03547507587232088, 0.03758577937665193, 0.03636588901281357, 0.03594223571860272, 0.03373850851642842, 0.03297581131925288, 0.03470824704025731, 0.03548160603171901, 0.03342719224034524, 0.0343490951939633, 0.03218851486841837, 0.033354438841342926, 0.03158739566802979, 0.035734570428226774, 0.03157493748615697, 0.036313640574614205, 0.03653031901309365, 0.03200391505626922, 0.0354372983450418, 0.036599437814009816, 0.035892892129642445, 0.033993348162224955, 0.03537370761235555, 0.03474999211498143, 0.03688106340231355, 0.03083644558986028, 0.03350896884997686, 0.037343740463256836, 0.03170915525786731, 0.033633224587691454], [0.03081888082076092, 0.034700571274270814, 0.03515803437483938, 0.03723469506139341, 0.034586591025193535, 0.03723514857499496, 0.032816018377031596, 0.03288360231930448, 0.03501590815457431, 0.036507071946796615, 0.033653536621405154, 0.03540115105478387, 0.031881608068943024, 0.03442433228095373, 0.03163759708404541, 0.035357368126344144, 0.03198984726188109, 0.03556633243958155, 0.03529417138350637, 0.030787645502293362, 0.033623580094222186, 0.035849217364662574, 0.03476808980568168, 0.03343692231685557, 0.03596425304810206, 0.03303977140446299, 0.036123221682519024, 0.029886066913604736, 0.033024060229460396, 0.036271234353383384, 0.031327541993588816, 0.03472427568937603], [0.030623954169604242, 0.034264043885834365, 0.03465743817781147, 0.03739306978557421, 0.03533206135034561, 0.035713543062624725, 0.033713352923490564, 0.03458729232709432, 0.03456182913346724, 0.03612376765200966, 0.03350465881581209, 0.03398570512470446, 0.031471741696198784, 0.034375786781311035, 0.030512521266937254, 0.03603630119495178, 0.03171958382596675, 0.03572506954272588, 0.035812613838597344, 0.03083256204077538, 0.03535081004048442, 0.036247298592015316, 0.03456377245716213, 0.03385588970590145, 0.036174031595389046, 0.03487715032911792, 0.03779410086956221, 0.031241245567798615, 0.03234816839297613, 0.036996605495611824, 0.03207901059364786, 