{"test_losses": [0.22026419489383695, 0.19776394825577734, 0.19162070864252748, 0.19026563645298594, 0.18955085013440112, 0.18900239763770368, 0.18858116246708959, 0.18866981885132844, 0.18830987842111208, 0.1882130424992247, 0.18798673141688704, 0.18794387821489508, 0.18779379554994194, 0.18781424961051235, 0.18757826189125262, 0.1877580215621183, 0.18780069026667587, 0.18779544064280962, 0.18789221326357147, 0.1880182555872133, 0.18808345839948523, 0.18799727203369385, 0.1881546980181513, 0.18826948513973094, 0.18831054405505018, 0.18835956293082098, 0.18837895697202836, 0.1884408988517529, 0.18852277634994213, 0.1885776512623689, 0.18855482685114255, 0.18862584875040916, 0.18867480325173994, 0.18870473103934549, 0.1887519384661108, 0.18877198871848974, 0.18880302699122306, 0.18883681380793615, 0.18886147485541235, 0.1888950963366393, 0.18891580880991382, 0.1889464223379286, 0.1889686226573072, 0.18899151500603914, 0.189010190194392, 0.1890372344362248, 0.1890626704498228, 0.18907801802821803, 0.1890985838774942, 0.1891209330734433, 0.18913808829012133], "test_accs": [0.15619999999999998, 0.2244, 0.2488, 0.2536, 0.254, 0.2584, 0.2576, 0.2584, 0.259, 0.2598, 0.26, 0.2602, 0.2604, 0.26080000000000003, 0.26139999999999997, 0.2606, 0.26080000000000003, 0.26080000000000003, 0.2604, 0.2602, 0.2604, 0.26080000000000003, 0.26080000000000003, 0.2604, 0.26080000000000003, 0.2606, 0.26080000000000003, 0.261, 0.26080000000000003, 0.2606, 0.261, 0.26080000000000003, 0.26080000000000003, 0.26080000000000003, 0.26080000000000003, 0.261, 0.2612, 0.26080000000000003, 0.261, 0.261, 0.261, 0.261, 0.261, 0.261, 0.261, 0.261, 0.261, 0.2612, 0.2612, 0.2612, 0.261], "local_test_losses": [[0.17932483518123626, 0.23152114009857178, 0.2301033320426941, 0.23012091183662414, 0.2302507553100586], [0.06682362869381904, 0.23152114510536193, 0.23010332441329956, 0.23012090063095092, 0.23025074243545532], [0.03610745852254331, 0.2315211329460144, 0.2301032977104187, 0.23012089920043946, 0.23025075483322144], [0.029332121655112134, 0.23152112579345704, 0.23010329484939576, 0.2301208987236023, 0.23025074124336242], [0.02575819196953671, 0.2315211262702942, 0.23010329127311707, 0.23012089800834656, 0.23025074315071106], [0.023015929486049573, 0.2315211262702942, 0.23010329127311707, 0.23012089800834656, 0.23025074315071106], [0.020909753632979117, 0.2315211262702942, 0.23010329127311707, 0.23012089800834656, 0.23025074315071106], [0.0213530355541734, 0.2315211262702942, 0.23010329127311707, 0.23012089800834656, 0.23025074315071106], [0.019553333403091528, 0.2315211262702942, 0.23010329127311707, 0.23012089800834656, 0.23025074315071106], [0.01906915379365455, 0.2315211262702942, 0.23010329127311707, 0.23012089800834656, 0.23025074315071106], [0.01793759838196638, 0.2315211262702942, 0.23010329127311707, 0.23012089800834656, 0.23025074315071106], [0.017723332372006552, 0.2315211262702942, 0.23010329127311707, 0.23012089800834656, 0.23025074315071106], [0.016972919047240794, 0.2315211262702942, 0.23010329127311707, 0.23012089800834656, 0.23025074315071106], [0.01707518935009284, 0.2315211262702942, 0.23010329127311707, 0.23012089800834656, 0.23025074315071106], [0.015895250753794245, 0.2315211262702942, 0.23010329127311707, 0.23012089800834656, 0.23025074315071106], [0.016794049108122634, 0.2315211262702942, 0.23010329127311707, 0.23012089800834656, 0.23025074315071106], [0.017007392630910546, 0.2315211262702942, 0.23010329127311707, 0.23012089800834656, 0.23025074315071106], [0.016981144511579258, 0.2315211262702942, 0.23010329127311707, 0.23012089800834656, 0.23025074315071106], [0.01746500761538846, 0.2315211262702942, 0.23010329127311707, 0.23012089800834656, 0.23025074315071106], [0.018095219233597616, 0.2315211262702942, 0.23010329127311707, 0.23012089800834656, 0.23025074315071106], [0.018421233294957345, 0.2315211262702942, 0.23010329127311707, 0.23012089800834656, 0.23025074315071106], [0.017990301466000346, 0.2315211262702942, 0.23010329127311707, 0.23012089800834656, 0.23025074315071106], [0.018777431388287597, 0.2315211262702942, 0.23010329127311707, 0.23012089800834656, 0.23025074315071106], [0.019351366996185903, 0.2315211262702942, 0.23010329127311707, 0.23012089800834656, 0.23025074315071106], [0.01955666157278199, 0.2315211262702942, 0.23010329127311707, 0.23012089800834656, 0.23025074315071106], [0.019801755951636097, 0.2315211262702942, 0.23010329127311707, 0.23012089800834656, 0.23025074315071106], [0.019898726157672953, 0.2315211262702942, 0.23010329127311707, 0.23012089800834656, 0.23025074315071106], [0.020208435556295656, 0.2315211262702942, 0.23010329127311707, 0.23012089800834656, 0.23025074315071106], [0.020617823047241808, 0.2315211262702942, 0.23010329127311707, 0.23012089800834656, 0.23025074315071106], [0.020892197609375607, 0.2315211262702942, 0.23010329127311707, 0.23012089800834656, 0.23025074315071106], [0.020778075553243937, 0.2315211262702942, 0.23010329127311707, 0.23012089800834656, 0.23025074315071106], [0.021133185049576966, 0.2315211262702942, 0.23010329127311707, 0.23012089800834656, 0.23025074315071106], [0.021377957556230825, 0.2315211262702942, 0.23010329127311707, 0.23012089800834656, 0.23025074315071106], [0.02152759649425863, 0.2315211262702942, 0.23010329127311707, 0.23012089800834656, 0.23025074315071106], [0.02176363362808519, 0.2315211262702942, 0.23010329127311707, 0.23012089800834656, 0.23025074315071106], [0.021863884889979857, 0.2315211262702942, 0.23010329127311707, 0.23012089800834656, 0.23025074315071106], [0.022019076253646446, 0.2315211262702942, 0.23010329127311707, 0.23012089800834656, 0.23025074315071106], [0.022188010337211864, 0.2315211262702942, 0.23010329127311707, 0.23012089800834656, 0.23025074315071106], [0.022311315574592924, 0.2315211262702942, 0.23010329127311707, 0.23012089800834656, 0.23025074315071106], [0.02247942298072769, 0.2315211262702942, 0.23010329127311707, 0.23012089800834656, 0.23025074315071106], [0.022582985347100362, 0.2315211262702942, 0.23010329127311707, 0.23012089800834656, 0.23025074315071106], [0.02273605298717416, 0.2315211262702942, 0.23010329127311707, 0.23012089800834656, 0.23025074315071106], [0.022847054584067224, 0.2315211262702942, 0.23010329127311707, 0.23012089800834656, 0.23025074315071106], [0.022961516327726868, 0.2315211262702942, 0.23010329127311707, 0.23012089800834656, 0.23025074315071106], [0.023054892269491218, 0.2315211262702942, 0.23010329127311707, 0.23012089800834656, 0.23025074315071106], [0.02319011347865512, 0.2315211262702942, 0.23010329127311707, 0.23012089800834656, 0.23025074315071106], [0.023317293546645204, 0.2315211262702942, 0.23010329127311707, 0.23012089800834656, 0.23025074315071106], [0.023394031438621312, 0.2315211262702942, 0.23010329127311707, 0.23012089800834656, 0.23025074315071106], [0.023496860685002105, 0.2315211262702942, 0.23010329127311707, 0.23012089800834656, 0.23025074315071106], [0.02360860666474774, 0.2315211262702942, 0.23010329127311707, 0.23012089800834656, 0.23025074315071106], [0.023694382748137868, 0.2315211262702942, 0.23010329127311707, 0.23012089800834656, 0.23025074315071106]],