{"test_losses": [0.20877473509311678, 0.14648579763621092, 0.13197617092728614, 0.12855062974384054, 0.12755116606887895, 0.12668105252279202, 0.12653895728997305, 0.12605477851784963, 0.125513634488103, 0.12586422158306232, 0.1253372663994087, 0.12575837771263831, 0.12515793990847032, 0.12574966195357956, 0.12517858251576217, 0.1254436172790929, 0.12523655014803808, 0.12506631015827588, 0.12529763604832442, 0.12511179205963663, 0.12537709128000823, 0.1257113434778746, 0.12564822191355485, 0.1257395884766179, 0.12557130689910173, 0.12584596362188358, 0.12574121165293856, 0.1257681790873761, 0.12613155933281467, 0.12625604415653824, 0.1264232970671718, 0.126618797899481, 0.12660877664282813, 0.1268138655105463, 0.12695076245076276, 0.1270686468814523, 0.12718285287055284, 0.1272839130014816, 0.12739759554144137, 0.12750875842207027, 0.12760491564951817, 0.1276992536560843, 0.1277468720035149, 0.1278465603370579, 0.12792208480947906, 0.12802191604558275, 0.12809312814396528, 0.1281648540312454, 0.12823717071530338, 0.12830006030550128, 0.1283506589921125, 0.12841454349355488, 0.12847998687325768, 0.12854195497759632, 0.12861091826615717, 0.12865605621313167, 0.128710601056239, 0.12876905894169663, 0.12882810501704128, 0.12886382800958565, 0.12892349571349002, 0.12896476266518675, 0.12901014690642343, 0.12906017721841773, 0.1291039197910235, 0.1291556699917831, 0.1291989996257451, 0.12924004252587884, 0.12927423271511623, 0.12931633623793687, 0.12935370014710362, 0.12939422421525393, 0.1294355031999601, 0.12947735298497465, 0.12951902110686123, 0.12954968208624323, 0.12958525786042785, 0.12961542524543768, 0.12965871181831135, 0.12968713800563886, 0.1297239540370424, 0.12975817029899803, 0.12979356537553655, 0.12982805558672156, 0.1298572719562384, 0.129884930095589, 0.12991499548261506, 0.1299489520843073, 0.12997847166476426, 0.1300022995538814, 0.13003147190356176], "test_accs": [0.323, 0.4415, 0.496, 0.5095000000000001, 0.5135000000000001, 0.5165000000000001, 0.5185, 0.5225, 0.524, 0.5205, 0.5225, 0.521, 0.525, 0.5225, 0.522, 0.5235, 0.523, 0.5255, 0.524, 0.5265, 0.524, 0.525, 0.525, 0.5255, 0.527, 0.527, 0.527, 0.527, 0.5265, 0.5275, 0.528, 0.5275, 0.5275, 0.527, 0.527, 0.527, 0.527, 0.527, 0.527, 0.527, 0.527, 0.527, 0.527, 0.5275, 0.527, 0.5265, 0.5265, 0.5265, 0.5265, 0.5265, 0.5265, 0.5265, 0.5265, 0.5265, 0.5265, 0.5265, 0.5265, 0.5265, 0.5265, 0.5265, 0.5265, 0.5265, 0.5265, 0.5265, 0.5265, 0.526, 0.5265, 0.526, 0.5265, 0.5265, 0.5265, 0.5265, 0.5265, 0.5265, 0.5265, 0.5265, 0.5265, 0.5265, 0.5265, 0.5265, 0.5265, 0.5265, 0.5265, 0.526, 0.526, 0.5265, 0.526, 0.526, 0.526, 0.526, 0.5265], "local_test_losses": [[0.18740559101104737, 0.23014387917518617], [0.06282772134244442, 0.23014387392997743], [0.03380846959352493, 0.23014387226104735], [0.026957393663935365, 0.23014386582374574], [0.024958464168244973, 0.23014386796951294], [0.02321823707607109, 0.23014386796951294], [0.02293404661043314, 0.23014386796951294], [0.021965689066186313, 0.23014386796951294], [0.02088340100669302, 0.23014386796951294], [0.021584575196611694, 0.23014386796951294], [0.02053066482930444, 0.23014386796951294], [0.0213728874557637, 0.23014386796951294], [0.02017201184742771, 0.23014386796951294], [0.021355455937646185, 0.23014386796951294], [0.020213297062011408, 0.23014386796951294], [0.02074336658867287, 0.23014386796951294], [0.020329232326563217, 0.23014386796951294], [0.019988752347038827, 0.23014386796951294], [0.020451404127135902, 0.23014386796951294], [0.020079716149760316, 0.23014386796951294], [0.02061031459050355, 0.23014386796951294], [0.021278818986236275, 0.23014386796951294], [0.02115257585759673, 0.23014386796951294], [0.021335308983722826, 0.23014386796951294], [0.020998745828690518, 0.23014386796951294], [0.02154805927425423, 0.23014386796951294], [0.02133855533636415, 0.23014386796951294], [0.021392490205239256, 0.23014386796951294], [0.02211925069611641, 0.23014386796951294], [0.02236822034356351, 0.23014386796951294], [0.022702726164830666, 0.23014386796951294], [0.023093727829449053, 0.23014386796951294], [0.023073685316143327, 0.23014386796951294], [0.023483863051579647, 0.23014386796951294], [0.023757656932012594, 0.23014386796951294], [0.02399342579339168, 0.23014386796951294], [0.024221837771592748, 0.23014386796951294], [0.024423958033450235, 0.23014386796951294], [0.02465132311336977, 0.23014386796951294], [0.02487364887462759, 0.23014386796951294], [0.025065963329523384, 0.23014386796951294], [0.02525463934265568, 0.23014386796951294], [0.02534987603751685, 0.23014386796951294], [0.025549252704602878, 0.23014386796951294], [0.025700301649445166, 0.23014386796951294], [0.02589996412165256, 0.23014386796951294], [0.02604238831841765, 0.23014386796951294], [0.026185840092977856, 0.23014386796951294], [0.026330473461093844, 0.23014386796951294], [0.026456252641489642, 0.23014386796951294], [0.02655745001471209, 0.23014386796951294], [0.02668521901759681, 0.23014386796951294], [0.026816105777002407, 0.23014386796951294], [0.0269400419856797, 0.23014386796951294], [0.027077968562801417, 0.23014386796951294], [0.02716824445675037, 0.23014386796951294], [0.02727733414296502, 0.23014386796951294], [0.02739424991388033, 0.23014386796951294], [0.02751234206456961, 0.23014386796951294], [0.027583788049658366, 0.23014386796951294], [0.02770312345746707, 0.23014386796951294], [0.027785657360860555, 0.23014386796951294], [0.027876425843333934, 0.23014386796951294], [0.027976486467322516, 0.23014386796951294], [0.028063971612534076, 0.23014386796951294], [0.028167472014053233, 0.23014386796951294], [0.02825413128197728, 0.23014386796951294], [0.028336217082244756, 0.23014386796951294], [0.028404597460719543, 0.23014386796951294], [0.02848880450636082, 0.23014386796951294], [0.02856353232469431, 0.23014386796951294], [0.028644580460994887, 0.23014386796951294], [0.02872713843040728, 0.23014386796951294], [0.028810838000436347, 0.23014386796951294], [0.028894174244209495, 0.23014386796951294], [0.028955496202973535, 0.23014386796951294], [0.02902664775134278, 0.23014386796951294], [0.02908698252136243, 0.23014386796951294], [0.029173555667109767, 0.23014386796951294], [0.02923040804176479, 0.23014386796951294], [0.029304040104571855, 0.23014386796951294], [0.029372472628483123, 0.23014386796951294], [0.029443262781560165, 0.23014386796951294], [0.029512243203930196, 0.23014386796951294], [0.029570675942963844, 0.23014386796951294], [0.02962599222166503, 0.23014386796951294], [0.02968612299571717, 0.23014386796951294], [0.02975403619910165, 0.23014386796951294], [0.029813075360015574, 0.23014386796951294], [0.029860731138249833, 0.23014386796951294], [0.029919075837610592, 0.23014386796951294]],