{"test_losses": [0.02277468204498291, 0.022445517778396606, 0.02200377941131592, 0.021487002372741697, 0.021534574031829835, 0.02223227381706238, 0.02203072428703308, 0.021595896482467652, 0.021043962240219115, 0.020682269334793092, 0.0207394802570343], "test_accs": [0.09, 0.195, 0.22999999999999998, 0.22999999999999998, 0.22999999999999998, 0.22999999999999998, 0.22999999999999998, 0.22999999999999998, 0.245, 0.255, 0.27], "local_test_losses": [[0.022586333751678466, 0.022963030338287352], [0.022253952026367187, 0.022637083530426025], [0.0217779803276062, 0.022229578495025635], [0.021203017234802245, 0.021770987510681152], [0.021163382530212403, 0.021905765533447266], [0.022000606060028075, 0.02246394157409668], [0.02215211629867554, 0.021909332275390624], [0.02174241065979004, 0.021449382305145263], [0.02129185676574707, 0.020796067714691162], [0.020952346324920653, 0.020412192344665528], [0.020661351680755616, 0.02081760883331299]], "local_test_accs": [[0.13, 0.05], [0.24, 0.15], [0.29, 0.17], [0.29, 0.17], [0.29, 0.17], [0.29, 0.17], [0.29, 0.17], [0.29, 0.17], [0.29, 0.2], [0.28, 0.23], [0.29, 0.25]], "global_test_losses": [0.023029441833496093, 0.02302212738990784, 0.023028344869613648, 0.023089048385620117, 0.023388522386550904, 0.023766646146774293, 0.02374928879737854, 0.023661165714263917, 0.023467798948287964, 0.02315101408958435, 0.022927661895751954], "global_test_accs": [0.088, 0.09, 0.099, 0.099, 0.099, 0.099, 0.099, 0.099, 0.104, 0.118, 0.122]}