{"test_losses": [0.02288783311843872, 0.022500307559967042, 0.022023686170578004, 0.02160409450531006, 0.02239118218421936, 0.023014715909957885, 0.02181397199630737, 0.0214792799949646, 0.02125102162361145, 0.02101078748703003, 0.020258874893188478], "test_accs": [0.12, 0.26, 0.22999999999999998, 0.22999999999999998, 0.22999999999999998, 0.22999999999999998, 0.22999999999999998, 0.22999999999999998, 0.22999999999999998, 0.245, 0.28], "local_test_losses": [[0.022954916954040526, 0.022820749282836915], [0.02249931812286377, 0.022501296997070312], [0.021883893013000488, 0.022163479328155516], [0.021151180267333983, 0.022057008743286134], [0.021530625820159913, 0.02325173854827881], [0.02227144479751587, 0.023757987022399903], [0.021774334907531737, 0.021853609085083006], [0.0217246150970459, 0.0212339448928833], [0.02150677442550659, 0.020995268821716307], [0.020938401222229005, 0.021083173751831056], [0.020145742893218993, 0.02037200689315796]], "local_test_accs": [[0.12, 0.12], [0.3, 0.22], [0.29, 0.17], [0.29, 0.17], [0.29, 0.17], [0.29, 0.17], [0.29, 0.17], [0.29, 0.17], [0.29, 0.17], [0.29, 0.2], [0.34, 0.22]], "global_test_losses": [0.02303816199302673, 0.023029675006866455, 0.023041728019714356, 0.023155717134475708, 0.023629018545150756, 0.023990434169769287, 0.023681519985198976, 0.02355799865722656, 0.023530600309371947, 0.023313233613967897, 0.022765777111053466], "global_test_accs": [0.099, 0.123, 0.099, 0.099, 0.099, 0.099, 0.099, 0.099, 0.1, 0.103, 0.128]}