{"test_losses": [0.22951888155937195, 0.22354811024665833, 0.21183774459362031, 0.202437082529068, 0.19942136907577515, 0.19822709584236145, 0.1959135775566101, 0.1945868821144104, 0.1919564747810364, 0.18963931274414061, 0.18686049008369446], "test_accs": [0.098, 0.145, 0.199, 0.256, 0.267, 0.269, 0.285, 0.28, 0.314, 0.312, 0.334], "local_test_losses": [[0.22951888155937195], [0.22354811024665833], [0.21183774459362031], [0.202437082529068], [0.19942136907577515], [0.19822709584236145], [0.1959135775566101], [0.1945868821144104], [0.1919564747810364], [0.18963931274414061], [0.18686049008369446]], "local_test_accs": [[0.098], [0.145], [0.199], [0.256], [0.267], [0.269], [0.285], [0.28], [0.314], [0.312], [0.334]], "global_test_losses": [0.22951888155937195, 0.22354811024665833, 0.21183774459362031, 0.202437082529068, 0.19942136907577515, 0.19822709584236145, 0.1959135775566101, 0.1945868821144104, 0.1919564747810364, 0.18963931274414061, 0.18686049008369446], "global_test_accs": [0.098, 0.145, 0.199, 0.256, 0.267, 0.269, 0.285, 0.28, 0.314, 0.312, 0.334]}